"LFSP Labour Force Status","Employed, worked full-time","Employed, worked part-time","Employed, away from work","Unemployed, looking for full-time work","Unemployed, looking for part-time work","Not in the labour force","Not stated","Not applicable","Total",
"SA2 (UR)",
"Braidwood",1168,686,156,48,24,1259,300,695,4343,
"Karabar",2922,1121,272,123,75,1962,429,1617,8517,
"Queanbeyan",4253,1659,336,160,112,2555,539,1738,11342,
"Queanbeyan - East",2052,720,153,75,39,1039,220,788,5085,
"Queanbeyan West - Jerrabomberra",5066,1942,396,97,74,2131,325,2718,12744,
"Googong",2628,730,261,27,36,510,155,1874,6224,
"Queanbeyan Surrounds",5982,2456,588,125,117,3331,734,3204,16539,
"Bombala",688,340,72,21,21,725,177,411,2454,
"Cooma",1860,995,188,67,55,2157,334,1102,6761,
"Cooma Surrounds",1100,534,91,25,18,874,279,545,3472,
"Jindabyne - Berridale",2603,1827,269,42,43,1424,521,1296,8035,
"Batemans Bay",1538,1292,241,104,79,3502,493,1343,8581,
"Batemans Bay - South",1648,1335,294,94,64,3744,538,1227,8938,
"Bega - Tathra",2024,1542,272,62,70,2815,531,1564,8872,
"Bega-Eden Hinterland",2106,1789,343,77,71,3070,610,1496,9557,
"Broulee - Tomakin",789,631,118,21,26,1453,174,570,3792,
"Deua - Wadbilliga",8,5,0,0,0,19,5,0,43,
"Eden",601,492,117,46,30,1331,272,539,3425,
"Eurobodalla Hinterland",758,626,117,37,21,1216,294,463,3525,
"Merimbula - Tura Beach",2492,1984,315,68,88,4487,557,1519,11513,
"Moruya - Tuross Head",1637,1396,253,56,62,3460,627,1110,8600,
"Narooma - Bermagui",1560,1537,304,76,56,4432,667,1251,9888,
"Goulburn",6688,3440,742,303,215,7550,1130,4491,24565,
"Goulburn Surrounds",3856,2111,487,121,98,3887,1000,2285,13839,
"Yass",1994,1022,200,55,52,1854,274,1310,6763,
"Yass Surrounds",4332,2061,434,87,99,2589,562,2542,12713,
"Young",2670,1531,322,134,97,3404,628,2229,11004,
"Young Surrounds",1974,1043,243,76,53,2375,596,1322,7677,
"Avoca Beach - Copacabana",1856,1469,406,62,59,1948,182,1533,7513,
"Box Head - MacMasters Beach",2499,1806,539,81,81,3833,357,1840,11042,
"Calga - Kulnura",1248,737,307,51,40,1326,348,663,4716,
"Erina - Green Point",2968,2206,723,95,111,5264,1072,2324,14758,
"Gosford - Springfield",5605,3478,1173,353,229,6087,1047,3239,21204,
"Kariong",1869,1141,336,82,64,1407,156,1419,6485,
"Kincumber - Picketts Valley",1500,1199,349,59,37,2780,370,1320,7615,
"Narara",1871,1251,410,91,63,1835,144,1493,7157,
"Niagara Park - Lisarow",2171,1431,418,84,83,2188,162,1668,8205,
"Point Clare - Koolewong",1559,1083,333,85,62,2096,205,1135,6571,
"Saratoga - Davistown",1740,1183,436,59,47,2181,213,1304,7160,
"Terrigal - North Avoca",3837,2498,827,120,114,4173,556,2710,14849,
"Umina - Booker Bay - Patonga",5121,3457,1214,338,230,8972,1304,4058,24697,
"Wamberal - Forresters Beach",2639,1931,608,75,79,2866,337,2147,10675,
"Woy Woy - Blackwall",3016,1938,675,215,134,5439,743,2180,14346,
"Wyoming",2602,1636,560,160,122,3665,531,2142,11423,
"Bateau Bay - Killarney Vale",4959,3594,1209,239,207,6831,1252,4530,22825,
"Blue Haven - San Remo",2513,1594,696,196,132,3200,409,2555,11290,
"Budgewoi - Buff Point - Halekulani",1938,1377,528,138,88,3518,511,1635,9728,
"Chittaway Bay - Tumbi Umbi",4017,2623,961,157,133,4553,460,3093,16006,
"Gorokan - Kanwal - Charmhaven",4479,2883,1253,366,254,7764,1505,3847,22362,
"Jilliby - Yarramalong",956,630,205,19,24,855,127,608,3420,
"Lake Munmorah - Mannering Park",2073,1393,513,124,94,4600,569,1600,10960,
"Ourimbah - Fountaindale",1308,937,320,36,38,1234,162,903,4928,
"Summerland Point - Gwandalan",1441,959,314,89,53,2241,269,1122,6492,
"The Entrance",3176,2271,879,262,165,5911,959,2221,15839,
"Toukley - Norah Head",1874,1314,541,165,94,3827,507,1597,9909,
"Tuggerah - Kangy Angy",1405,808,319,56,50,1385,172,1039,5229,
"Warnervale - Wadalba",5121,2985,1105,235,196,4741,902,4768,20051,
"Wyong",1934,1118,454,159,105,3120,574,1653,9120,
"Bathurst - East",3546,1860,333,129,118,3121,504,2721,12330,
"Bathurst Surrounds",2046,1120,240,55,37,1840,368,1208,6909,
"Oberon",1322,593,157,51,30,1407,471,801,4834,
"Bathurst - South",2693,1627,321,162,117,3971,526,1338,10752,
"Bathurst - West",4385,2264,394,132,122,3436,518,3064,14313,
"Condobolin",1686,790,168,84,59,1631,589,1354,6372,
"Cowra",2147,1293,219,135,100,3168,539,1669,9273,
"Cowra Surrounds",1421,811,164,49,37,1831,494,900,5716,
"Forbes",2809,1347,272,90,80,2719,741,1969,10020,
"Grenfell",868,511,96,42,30,1269,219,561,3597,
"Parkes (NSW)",3058,1458,270,153,98,3047,574,2243,10919,
"Parkes Surrounds",868,402,90,46,31,902,276,651,3262,
"West Wyalong",1602,770,166,53,20,1411,421,1087,5525,
"Lithgow",2632,1590,424,193,124,4737,692,1992,12385,
"Lithgow Surrounds",2091,1243,328,106,55,2653,557,1415,8448,
"Mudgee",3626,1897,426,115,96,3155,564,2680,12563,
"Mudgee Surrounds - East",619,460,81,52,37,1358,288,507,3398,
"Mudgee Surrounds - West",2853,1591,385,130,64,3043,872,2141,11072,
"Wollangambe - Wollemi",0,0,0,0,0,0,0,0,0,
"Blayney",2183,1099,228,105,57,1902,424,1520,7517,
"Orange",5069,2664,497,191,170,5722,1096,3618,19023,
"Orange - North",7376,3391,618,180,187,4826,846,5461,22895,
"Orange Surrounds",3636,1959,340,68,72,2678,618,2465,11830,
"Grafton",4038,2658,496,336,199,6754,1142,3631,19255,
"Grafton Surrounds",3377,2376,473,242,169,6686,1078,2467,16875,
"Maclean - Yamba - Iluka",3106,2646,453,173,163,7575,949,2467,17533,
"Bellingen",1143,1274,167,82,82,1799,414,1209,6168,
"Coffs Harbour - North",4050,2973,500,265,220,5958,1006,3137,18099,
"Coffs Harbour - South",2305,1889,341,141,134,3735,985,1772,11305,
"Coramba - Nana Glen - Bucca",1005,720,133,48,29,1035,236,742,3950,
"Dorrigo",616,538,92,41,21,1190,274,471,3250,
"Korora - Emerald Beach",2686,1984,281,107,101,2718,303,2076,10262,
"Sawtell - Boambee",4587,3602,561,238,231,6332,902,3612,20066,
"Urunga",956,814,144,56,58,1901,285,698,4907,
"Woolgoolga - Arrawarra",3338,2493,387,214,168,4640,684,2541,14463,
"Bourke - Brewarrina",958,293,106,27,26,801,471,742,3428,
"Cobar",1271,430,153,39,27,857,513,842,4129,
"Coonamble",975,419,107,70,34,1045,417,867,3926,
"Nyngan - Warren",1444,511,121,66,30,1168,402,864,4591,
"Walgett - Lightning Ridge",1109,514,127,79,47,1465,1161,1020,5534,
"Broken Hill",4422,2178,572,265,156,5778,1222,2999,17588,
"Far West",603,174,44,16,25,667,334,420,2288,
"Coonabarabran",1720,992,177,121,69,2518,968,1343,7921,
"Dubbo - East",3277,1484,302,120,74,2325,765,2294,10633,
"Dubbo - South",6361,2755,607,171,135,4324,1191,4081,19628,
"Dubbo - West",3004,1349,261,110,85,2394,743,2374,10317,
"Dubbo Surrounds",1927,896,205,38,27,1157,450,1255,5963,
"Gilgandra",1129,571,134,49,41,1197,422,842,4398,
"Narromine",1777,741,185,71,55,1586,672,1375,6458,
"Wellington",1894,998,221,138,58,3168,721,1576,8769,
"Branxton - Greta - Pokolbin",4002,1960,590,128,110,2742,384,2860,12770,
"Cessnock",4697,3069,909,350,255,8903,1008,4298,23495,
"Cessnock Surrounds",2261,1528,399,95,96,2604,408,1753,9145,
"Dungog",2488,1548,366,93,58,2863,356,1772,9541,
"Kurri Kurri - Abermain",5269,3006,733,356,223,5828,829,4388,20631,
"Singleton",5316,2435,584,193,173,3953,806,3564,17018,
"Singleton Surrounds",1497,791,280,47,35,1230,385,1062,5332,
"Maitland",2487,1376,336,124,108,1962,309,1917,8611,
"Maitland - North",2613,1502,327,70,77,1989,195,1950,8727,
"East Maitland - Metford",5067,2843,601,266,199,4895,702,3409,17981,
"Rutherford (North) - Aberglasslyn",5060,2659,585,204,164,4406,575,4071,17730,
"Rutherford (South) - Telarah",2081,1232,280,150,102,2118,375,1653,7976,
"Tenambit - East Maitland",2610,1546,359,121,104,3143,322,1881,10091,
"Thornton - Millers Forest",5254,2664,574,173,132,3070,313,3716,15899,
"Anna Bay",1329,1014,252,63,57,2454,333,947,6449,
"Lemon Tree Passage - Tanilba Bay",1277,959,244,95,68,2821,328,1093,6887,
"Nelson Bay Peninsula",4080,3493,820,224,199,9230,1061,2870,21972,
"Raymond Terrace",3380,2005,549,289,178,4539,753,2907,14588,
"Seaham - Woodville",1733,1020,240,46,30,1343,167,1103,5693,
"Tea Gardens - Hawks Nest",748,697,172,58,27,3292,381,432,5804,
"Williamtown - Medowie - Karuah",3972,2338,579,177,145,4115,544,3147,15020,
"Muswellbrook",3351,1568,371,208,136,3318,618,2697,12272,
"Muswellbrook Surrounds",1326,593,141,36,25,958,245,761,4083,
"Scone",1920,841,155,56,37,1562,265,1195,6035,
"Scone Surrounds",2470,1110,285,76,52,2247,501,1456,8194,
"Dapto - Avondale",5618,3426,1297,322,204,8099,818,4415,24195,
"Horsley - Kembla Grange",3630,1965,689,117,106,2513,243,2889,12155,
"Port Kembla Industrial",0,4,0,0,0,0,0,0,5,
"Unanderra - Mount Kembla",3960,2294,751,160,143,4666,554,2751,15280,
"Berkeley - Lake Heights - Cringila",2748,1840,687,221,152,5159,630,2775,14200,
"Port Kembla - Warrawong",1743,1167,450,156,106,3816,560,1738,9740,
"Windang - Primbee",846,538,182,52,35,1741,251,608,4239,
"Illawarra Catchment Reserve",4,0,0,0,0,0,0,0,9,
"Albion Park - Macquarie Pass",5561,3059,1145,175,128,4174,543,4246,19026,
"Albion Park Rail",1563,993,380,94,66,2339,284,1207,6920,
"Kiama",1939,1342,306,69,77,3295,444,1313,8786,
"Kiama Downs - Minnamurra",1506,1023,285,48,46,1821,198,1129,6063,
"Kiama Hinterland - Gerringong",1984,1446,348,59,67,2578,315,1346,8136,
"Shellharbour - Flinders",5235,3177,1092,205,150,4972,641,3870,19341,
"Shellharbour - Oak Flats",2511,1558,623,123,103,3514,420,1743,10590,
"Warilla",3933,2672,1046,314,204,7535,1143,3553,20397,
"Balgownie - Fairy Meadow",5088,3425,1260,220,248,6851,891,3533,21519,
"Corrimal - Tarrawanna - Bellambi",3881,2377,825,210,171,5159,627,2793,16041,
"Figtree - Keiraville",5600,3804,1272,280,352,6512,853,4096,22773,
"Helensburgh",2568,1630,550,80,77,2001,273,1956,9135,
"Thirroul - Austinmer - Coalcliff",3149,2085,591,104,122,3257,297,2351,11957,
"Woonona - Bulli - Russell Vale",5300,3247,1069,182,199,5992,615,4163,20761,
"Wollongong - East",4759,2624,1026,242,221,5079,813,1244,16020,
"Wollongong - West",4334,2768,981,280,251,4699,840,2387,16551,
"Bulahdelah - Stroud",1119,764,192,74,51,1795,388,849,5235,
"Forster",2515,2192,363,167,94,6542,920,1911,14709,
"Forster-Tuncurry Surrounds",1162,1139,245,90,72,2689,516,1068,6988,
"Tuncurry",880,865,165,91,57,3255,450,611,6376,
"Kempsey",2667,1996,411,277,197,6189,1050,2856,15654,
"Kempsey Surrounds",1886,1536,311,126,100,3343,661,1503,9472,
"Macksville - Scotts Head",856,781,140,55,63,2129,280,882,5189,
"Nambucca Heads",975,971,170,103,80,3328,516,967,7111,
"Nambucca Heads Surrounds",1599,1356,239,131,88,2783,546,1364,8102,
"South West Rocks",933,784,158,73,46,2637,271,724,5628,
"Lord Howe Island",98,108,35,3,4,96,36,66,445,
"Laurieton - Bonny Hills",3387,2663,465,178,175,8558,671,2395,18484,
"Port Macquarie - West",4602,3322,557,221,246,7742,1243,3217,21147,
"Port Macquarie Surrounds",1322,887,150,54,53,1609,338,882,5301,
"Wauchope",3018,2077,332,141,115,4085,505,2521,12796,
"Port Macquarie - East",3005,2229,353,137,153,3560,451,1883,11764,
"Port Macquarie - South",3927,2886,425,150,167,6272,488,2966,17284,
"Gloucester",1042,778,180,62,48,2155,295,746,5310,
"Old Bar - Manning Point - Red Head",2503,1873,385,131,100,4873,627,1985,12476,
"Taree",3847,2911,500,411,245,7995,1465,3750,21123,
"Taree Surrounds",2417,1925,408,194,107,5530,755,1716,13044,
"Wingham",1110,743,137,68,84,1964,326,970,5395,
"Albury - East",5520,3130,456,157,180,3970,570,3852,17831,
"Albury - North",2761,1693,296,131,120,2963,650,1922,10527,
"Albury - South",2949,1800,279,150,102,3117,519,1602,10519,
"Albury Surrounds",3426,1937,396,98,74,3225,796,2558,12507,
"Lavington",3743,2473,407,266,195,4901,841,2830,15665,
"Hay",806,407,84,34,18,778,300,467,2897,
"Wentworth - Buronga",1690,842,200,83,46,1774,614,1263,6511,
"Wentworth-Balranald Region",1073,473,103,35,21,775,485,690,3648,
"Corowa",1377,814,175,50,39,2059,272,813,5595,
"Corowa Surrounds",1827,1028,233,54,44,2325,540,1207,7262,
"Deniliquin",1821,1019,197,74,52,2150,561,1156,7038,
"Deniliquin Surrounds",1975,972,216,55,31,1851,522,1222,6837,
"Moama",1621,1122,257,58,48,2241,399,1186,6930,
"Tocumwal - Finley - Jerilderie",2315,1363,293,65,61,3239,929,1520,9778,
"Armidale",5908,3822,668,311,317,6772,1903,4272,23967,
"Armidale Surrounds - North",1267,655,127,54,27,1083,458,864,4527,
"Armidale Surrounds - South",1612,956,189,53,53,1681,294,1051,5894,
"Walcha",909,449,76,28,21,864,284,522,3144,
"Glen Innes",1892,1214,236,146,84,3228,767,1367,8931,
"Inverell",2871,1616,300,211,116,3756,837,2359,12057,
"Inverell Surrounds - East",1153,636,154,92,51,1705,473,939,5200,
"Inverell Surrounds - West",1456,727,126,57,47,1876,460,989,5734,
"Tenterfield",1320,934,175,102,72,2684,565,955,6810,
"Moree",2157,855,205,104,40,1718,1164,1606,7845,
"Moree Surrounds",1517,549,140,45,19,877,1074,1127,5356,
"Narrabri",2122,901,209,83,47,1697,442,1398,6898,
"Narrabri Surrounds",1365,585,122,54,33,983,539,937,4616,
"Gunnedah",2750,1257,262,132,72,2389,677,2217,9745,
"Gunnedah Surrounds",1404,534,147,52,30,932,385,892,4369,
"Quirindi",1887,947,211,119,71,2234,751,1334,7551,
"Tamworth - East",6187,3077,578,271,219,5746,1124,4165,21360,
"Tamworth - North",4831,2343,379,173,158,4352,975,3311,16517,
"Tamworth - West",1319,654,160,142,90,1532,530,1567,5998,
"Tamworth Surrounds",5632,2824,590,162,125,5080,975,3642,19038,
"Belmont - Bennetts Green",4623,2944,589,191,180,5706,604,3031,17864,
"Belmont South - Blacksmiths",1271,892,211,101,55,2063,247,839,5680,
"Charlestown - Dudley",7118,4502,896,291,253,6502,712,4966,25254,
"Glendale - Cardiff - Hillsborough",7029,4333,839,301,277,6426,696,4688,24588,
"Mount Hutton - Windale",2017,1332,249,132,114,3330,540,1782,9504,
"Redhead",889,647,110,34,23,1149,275,662,3785,
"Swansea - Caves Beach",2800,1958,442,146,121,4607,425,2063,12559,
"Valentine - Eleebana",3397,2352,375,90,119,3569,221,2441,12568,
"Warners Bay - Boolaroo",4024,2568,486,140,125,4445,461,2441,14694,
"Bolton Point - Teralba",2408,1505,340,159,95,3233,605,1785,10135,
"Bonnells Bay - Silverwater",2207,1489,461,134,109,3238,313,1742,9691,
"Edgeworth - Cameron Park",5087,2663,493,168,159,3581,543,3686,16375,
"Morisset - Cooranbong",3965,2633,746,232,175,6658,722,3000,18129,
"Toronto - Awaba",3127,2065,469,210,131,5262,529,2177,13961,
"Wangi Wangi - Rathmines",2296,1483,321,119,87,3329,330,1504,9467,
"West Wallsend - Barnsley - Killingworth",2183,1198,258,79,64,1899,184,1397,7254,
"Adamstown - Kotara",5013,3146,580,165,187,3848,402,3248,16600,
"Beresfield - Hexham",2066,1244,243,151,115,2847,320,1582,8561,
"Hamilton - Broadmeadow",3500,2407,484,193,170,3468,743,1807,12772,
"Lambton - New Lambton",5018,3314,584,142,187,4372,535,3188,17343,
"Maryland - Fletcher - Minmi",4997,2954,561,190,203,3345,347,3831,16429,
"Mayfield - Warabrook",4481,2742,554,248,176,4210,674,2444,15526,
"Merewether - The Junction",4580,2817,549,123,147,3472,379,2427,14506,
"Newcastle - Cooks Hill",4555,2579,472,181,171,3055,595,1202,12805,
"Newcastle Port - Kooragang",0,9,0,0,0,5,0,9,31,
"Shortland - Jesmond",2490,2551,506,215,331,3575,1267,1655,12593,
"Stockton - Fullerton Cove",2014,1225,280,90,85,3109,554,1466,8824,
"Wallsend - Elermore Vale",5345,3540,718,315,228,6514,897,3401,20958,
"Waratah - North Lambton",3567,2466,480,154,195,3361,778,1888,12883,
"Wickham - Carrington - Tighes Hill",3146,1916,341,141,118,1923,305,1270,9171,
"Ballina",3700,3076,542,135,158,7448,1117,2463,18629,
"Ballina Surrounds",4511,3573,599,139,152,5407,719,3229,18327,
"Bangalow",1501,1557,227,67,72,1610,626,1309,6958,
"Brunswick Heads - Ocean Shores",1770,2069,330,110,127,2640,639,1481,9170,
"Byron Bay",2193,2811,465,164,142,2802,854,1489,10914,
"Evans Head",1148,885,181,52,48,1976,466,886,5643,
"Lennox Head - Skennars Head",2363,2060,305,67,89,2160,365,1827,9236,
"Mullumbimby",1444,1986,290,100,119,2513,932,1506,8896,
"Casino",2535,1685,343,146,99,4234,857,2393,12298,
"Casino Surrounds",1669,1124,221,82,61,2230,718,1280,7381,
"Goonellabah",3463,2267,342,145,158,4188,549,2483,13591,
"Kyogle",1489,1146,203,96,79,2724,624,1247,7611,
"Lismore",3458,2755,430,239,236,4625,1015,2473,15229,
"Lismore Surrounds",3784,3153,535,157,168,4144,1181,2671,15786,
"Kingscliff - Fingal Head",3374,2767,464,115,166,4596,643,2692,14818,
"Murwillumbah",1876,1645,239,117,121,3149,651,1707,9501,
"Murwillumbah Surrounds",2113,1885,390,142,117,3039,976,1692,10352,
"Pottsville",3016,2637,442,147,147,4000,814,2877,14086,
"Tweed Heads",4155,3379,828,263,230,7372,1575,2757,20563,
"Banora Point",3491,2858,553,159,148,5885,664,2570,16320,
"Terranora - North Tumbulgum",873,624,121,30,43,826,108,695,3324,
"Tweed Heads South",1445,1243,260,104,97,3719,474,1092,8423,
"Griffith (NSW)",6731,3040,530,213,139,4666,1274,3974,20569,
"Griffith Surrounds",4249,1809,382,87,78,2432,1211,2512,12760,
"Leeton",3031,1357,255,105,82,2728,629,2146,10330,
"Narrandera",1487,776,143,96,41,1712,463,1184,5905,
"Tumbarumba",939,464,132,30,13,1123,209,610,3522,
"Tumut",1703,999,170,98,53,1982,365,1295,6667,
"Tumut Surrounds",1334,679,158,51,42,1284,350,845,4744,
"Cootamundra",1696,949,213,86,57,3007,406,1287,7705,
"Gundagai",957,564,131,31,17,997,332,692,3715,
"Junee",1587,707,176,78,38,2436,284,1037,6351,
"Temora",1710,989,189,56,34,2130,298,1205,6603,
"Wagga Wagga - East",5048,2755,429,148,157,4314,550,3517,16921,
"Wagga Wagga - North",1707,1064,163,54,84,1149,284,1102,5605,
"Wagga Wagga - South",6796,3431,563,274,232,5403,916,4893,22522,
"Wagga Wagga - West",3490,1732,348,217,118,3454,703,1897,11962,
"Wagga Wagga Surrounds",5934,2478,557,102,109,3666,1136,3804,17788,
"Berry - Kangaroo Valley",1949,1596,290,62,62,3732,482,1314,9489,
"Callala Bay - Currarong",772,548,106,41,43,1533,132,472,3642,
"Culburra Beach",1033,758,182,67,52,2137,213,664,5105,
"Ettrema - Sassafras - Budawang",10,10,4,0,0,17,3,12,62,
"Huskisson - Vincentia",1100,770,159,41,34,1831,213,689,4844,
"North Nowra - Bomaderry",3753,2660,487,163,137,5334,675,2882,16098,
"Nowra",5016,3104,605,312,259,7491,1341,4459,22584,
"St Georges Basin - Erowal Bay",2849,2081,463,219,122,6366,809,2356,15259,
"Sussex Inlet - Berrara",717,591,133,52,40,2320,370,479,4694,
"Tomerong - Wandandian - Woollamia",954,630,149,41,20,1085,217,606,3708,
"Ulladulla",3057,2917,527,156,138,6789,830,2608,17026,
"Ulladulla Surrounds",1032,969,210,67,60,2377,333,774,5822,
"Bowral",2810,2262,348,73,82,5488,629,1935,13626,
"Hill Top - Colo Vale",1952,1090,288,49,50,1432,178,1342,6393,
"Mittagong",2899,1881,357,95,84,3310,370,1935,10931,
"Moss Vale - Berrima",2790,1744,367,90,75,3106,584,1896,10648,
"Robertson - Fitzroy Falls",988,708,161,21,29,1119,211,601,3829,
"Southern Highlands",1741,1274,284,42,35,2423,366,1072,7250,
"Baulkham Hills - East",7443,3200,1218,321,243,6422,477,5406,24726,
"Baulkham Hills (West) - Bella Vista",6629,3246,1071,266,220,5707,465,4095,21683,
"Glenhaven",1694,957,308,44,62,2101,126,1074,6361,
"West Pennant Hills",3799,1911,596,140,119,3727,210,2186,12683,
"Castle Hill - Central",2250,1055,377,102,75,2035,158,1628,7677,
"Castle Hill - East",1329,639,187,52,42,2188,445,792,5670,
"Castle Hill - North",3388,1828,615,138,131,3558,251,2287,12189,
"Castle Hill - South",3082,1487,520,148,109,2808,221,2044,10419,
"Castle Hill - West",1766,715,244,53,56,1290,73,978,5183,
"Cherrybrook",5834,2647,764,206,232,5354,532,3511,19082,
"Kellyville - East",5629,2669,888,187,213,4119,242,3764,17709,
"Kellyville - West",3770,1401,568,131,113,2516,425,2455,11375,
"Dural - Kenthurst - Wisemans Ferry",6009,3745,1280,191,172,6284,733,4074,22479,
"Galston - Laughtondale",1434,891,270,41,43,1642,195,918,5436,
"Bilpin - Colo - St Albans",652,442,211,24,13,834,232,442,2846,
"Kurrajong Heights - Ebenezer",6473,3788,1458,194,139,5270,551,4292,22161,
"Pitt Town - McGraths Hill",3270,1846,744,80,54,2665,385,2383,11414,
"Box Hill - Nelson",3609,1311,566,119,79,1451,220,2929,10287,
"North Kellyville",5759,2199,935,199,177,2841,493,4806,17401,
"Rouse Hill - Beaumont Hills",5959,2548,1020,250,180,3470,253,3911,17581,
"Blacktown (East) - Kings Park",4237,2344,1087,351,271,4588,1004,3150,17032,
"Blacktown (North) - Marayong",4799,2526,1338,333,282,6133,972,4203,20584,
"Doonside - Woodcroft",6012,2773,1347,418,277,6820,1053,4687,23384,
"Lalor Park - Kings Langley",6376,3131,1810,336,273,7287,1143,5012,25373,
"Blacktown - South",2995,1541,800,225,136,3780,602,2568,12646,
"Blacktown - West",4082,2096,1079,306,224,5129,964,3264,17141,
"Seven Hills - Prospect",3966,1850,999,212,169,4438,587,2642,14866,
"Toongabbie - West",3067,1361,690,212,124,3219,476,2425,11578,
"Glenwood",5138,2102,990,221,197,3625,248,3310,15829,
"Acacia Gardens",1244,489,263,52,41,737,34,818,3668,
"Quakers Hill",7564,3293,1496,359,244,5264,714,5732,24670,
"Kellyville Ridge - The Ponds",6845,2565,1161,240,209,4006,393,5643,21058,
"Marsden Park - Shanes Park",5071,1626,896,174,119,2495,508,4644,15524,
"Riverstone",3872,1680,1040,205,142,2861,617,3426,13844,
"Schofields (West) - Colebee",3475,1109,602,121,81,1599,321,2699,10011,
"Schofields - East",8460,2830,1459,367,261,3798,903,7042,25130,
"Stanhope Gardens - Parklea",3794,1433,721,138,125,3913,245,2654,13034,
"Bidwill - Hebersham - Emerton",2796,1579,928,386,223,6425,1547,4649,18536,
"Glendenning - Dean Park",2190,1095,570,117,94,2114,296,1903,8374,
"Hassall Grove - Plumpton",5734,2622,1388,360,208,5511,867,4731,21414,
"Lethbridge Park - Tregear",4063,1917,1142,422,241,6409,1594,5752,21551,
"Mount Druitt - Whalan",4191,2252,1219,474,304,7626,1393,5451,22918,
"Prospect Reservoir",5,0,0,0,0,6,4,0,12,
"Rooty Hill - Minchinbury",5741,2598,1376,397,258,6558,1220,4674,22826,
"Banksmeadow",196,50,28,3,5,73,81,59,508,
"Botany",4444,1808,737,126,104,2625,625,2482,12960,
"Pagewood - Hillsdale - Daceyville",4069,2100,856,240,194,4104,805,2403,14762,
"Port Botany Industrial",0,0,0,0,0,0,0,0,6,
"Sydney Airport",11,3,0,0,0,4,4,0,19,
"Eastlakes",2143,1299,441,142,107,2993,427,1395,8941,
"Mascot",7190,3568,1512,407,354,4857,1147,2535,21573,
"Petersham - Stanmore",7679,3085,1139,322,208,4036,950,2472,19898,
"Sydenham - Tempe - St Peters",3198,1213,474,123,79,1670,263,1251,8278,
"Marrickville - North",4401,1756,648,181,133,2915,536,1742,12317,
"Marrickville - South",4748,2080,799,228,153,3733,734,1800,14283,
"Darlinghurst",4864,1537,602,218,112,1932,795,559,10615,
"Erskineville - Alexandria",9967,2508,952,303,143,2394,782,2084,19126,
"Glebe - Forest Lodge",7523,2872,1034,390,231,4997,1215,1999,20262,
"Potts Point - Woolloomooloo",8048,2348,855,396,202,3760,1807,770,18187,
"Surry Hills",7114,2141,847,327,175,3165,1187,877,15828,
"Camperdown - Darlington",3078,1537,596,127,222,1755,400,625,8332,
"Chippendale",2542,1250,513,204,232,2127,656,278,7803,
"Newtown (NSW)",6253,2351,876,232,180,2697,656,1417,14667,
"Pyrmont",4584,1857,765,240,171,2893,847,1298,12658,
"Redfern",5072,1900,760,286,200,3227,1063,1162,13670,
"Rosebery - Beaconsfield",5013,1746,759,173,128,2404,645,1419,12290,
"Sydney (North) - Millers Point",3200,1207,437,162,77,1883,612,432,8004,
"Sydney (South) - Haymarket",4923,4147,1613,418,540,5742,1563,984,19935,
"Ultimo",2003,1416,541,197,231,2032,511,485,7410,
"Waterloo",6165,2055,880,358,242,4027,1380,1270,16379,
"Zetland",5349,1647,877,286,215,2622,607,1023,12622,
"Bondi - Tamarama - Bronte",7074,2818,945,242,169,3861,1062,2887,19055,
"Bondi Beach - North Bondi",8124,3086,1054,287,194,3736,1141,3090,20705,
"Bondi Junction - Waverly",6228,2425,836,217,150,4001,1184,2685,17720,
"Centennial Park",0,0,0,0,0,0,0,0,0,
"Dover Heights",3298,1824,520,114,104,2717,385,2153,11122,
"Paddington - Moore Park",6229,2076,667,205,133,2915,665,1910,14793,
"Rose Bay - Vaucluse - Watsons Bay",3289,1785,457,116,84,3543,605,2047,11924,
"Woollahra",2535,1056,274,78,47,1955,359,1151,7454,
"Bellevue Hill",4639,2262,640,126,117,3724,619,2301,14429,
"Double Bay - Darling Point",3637,1345,448,126,69,2699,509,1125,9958,
"Kensington (NSW)",3529,1850,653,179,207,3372,598,1423,11809,
"Kingsford",3738,2242,732,224,220,4021,565,1870,13605,
"Maroubra - North",2929,1445,436,109,103,2690,514,1565,9790,
"Maroubra - South",3012,1562,588,143,124,3189,609,1852,11084,
"Maroubra - West",3001,1523,557,130,110,2708,308,1508,9846,
"Randwick - North",6192,2240,794,171,127,3235,847,2596,16206,
"Randwick - South",4643,1854,676,151,145,2908,685,1669,12735,
"Coogee - Clovelly",8052,2904,980,218,179,3481,771,2929,19521,
"Malabar - La Perouse",2609,1308,448,91,59,3650,850,1605,10610,
"Matraville - Chifley",3581,1955,644,149,121,3836,591,2534,13412,
"South Coogee",1381,759,251,52,59,1682,313,1109,5611,
"Bass Hill - Georges Hall",3456,2177,1441,378,224,8743,1877,5560,23855,
"Chullora",345,169,113,18,20,367,89,349,1469,
"Condell Park",2007,1200,840,204,106,4688,748,2986,12773,
"Padstow",4130,2031,1354,214,160,5659,747,2910,17200,
"Revesby",4096,2020,1258,233,160,5646,899,3354,17664,
"Yagoona - Birrong",3552,2115,1479,390,270,8501,1315,4851,22484,
"Bankstown - North",2802,1710,1121,404,261,6012,1042,3626,16981,
"Bankstown - South",2976,1796,1223,387,288,6780,1405,3574,18434,
"Greenacre - North",2100,1414,907,227,149,5602,918,3325,14637,
"Greenacre - South",1795,1249,805,225,138,5122,753,3332,13416,
"Panania (North) - Milperra",2729,1391,921,133,82,3471,345,2258,11340,
"Panania (South) - Picnic Point",4103,2000,1258,159,146,4740,420,3168,15994,
"Belmore - Belfield",3811,2329,1592,303,223,7252,1355,3461,20332,
"Punchbowl",3054,2078,1406,402,339,8349,1370,4549,21544,
"Roselands",2918,1620,1112,203,150,5019,654,2905,14577,
"Lakemba",2048,1757,933,446,320,6013,1352,4230,17092,
"Wiley Park",1397,1110,613,246,136,3557,702,2380,10135,
"Campsie - North",1945,1503,1045,216,181,4809,763,1439,11905,
"Campsie - South",1374,1057,751,208,130,3478,932,1135,9059,
"Canterbury - South",2831,1435,1141,188,106,3722,859,1939,12220,
"Earlwood",4421,2202,1392,178,155,5939,693,2986,17969,
"Kingsgrove - North",1314,729,466,65,50,2184,214,1232,6261,
"Narwee - Beverly Hills",3111,1617,952,221,163,4977,534,2224,13791,
"Oatley - Hurstville Grove",3387,1847,802,140,89,3841,307,2180,12594,
"Peakhurst - Lugarno",5004,2650,1407,202,157,6306,924,3575,20220,
"Riverwood",2180,1214,828,218,150,4531,739,1747,11606,
"South Hurstville - Blakehurst",5961,3957,1813,356,290,8003,1007,3867,25259,
"Hurstville - Central",2818,2087,910,245,217,3615,560,1587,12046,
"Hurstville - North",2575,1663,905,175,155,4337,564,1733,12109,
"Mortdale - Oatley",4130,2146,1000,188,132,4033,423,2656,14715,
"Penshurst",2503,1365,677,137,113,2785,553,1394,9528,
"Kingsgrove (South) - Bardwell Park",3219,1769,769,184,116,4341,403,2181,12973,
"Kogarah",3690,1932,818,233,183,3296,876,2034,13051,
"Kogarah Bay - Carlton - Allawah",4160,2388,1117,227,200,4868,708,2535,16200,
"Monterey - Brighton-le-Sands - Kyeemagh",3595,1865,758,216,126,4567,755,2016,13896,
"Rockdale - Banksia",5205,3414,1102,407,291,5490,1131,2804,19853,
"Sans Souci - Ramsgate",4310,2251,926,206,142,5296,854,2674,16659,
"Arncliffe - Bardwell Valley",4199,2314,984,245,204,4769,1179,2686,16579,
"Bexley - North",2346,1228,567,139,76,3273,562,1961,10145,
"Bexley - South",3932,2461,896,300,195,4864,671,2518,15831,
"Wolli Creek",3899,1790,747,212,225,2347,654,857,10731,
"Concord - Mortlake - Cabarita",6812,3449,1169,260,175,6894,654,3694,23113,
"Drummoyne - Rodd Point",6164,2644,912,179,118,4580,698,3076,18366,
"Five Dock - Abbotsford",6648,2910,1077,241,140,5530,856,3534,20933,
"Concord West - North Strathfield",3964,1803,688,196,128,3258,579,2232,12842,
"Rhodes",4321,1520,751,241,157,2579,483,1393,11453,
"Balmain",5627,2120,652,204,136,3695,523,2633,15579,
"Lilyfield - Rozelle",5258,1811,605,169,119,2878,494,2487,13824,
"Annandale (NSW)",3501,1432,452,121,87,1848,501,1516,9464,
"Leichhardt",6474,2426,869,221,172,3424,576,3370,17532,
"Canterbury (North) - Ashbury",3369,1642,944,148,142,3515,418,1822,11999,
"Croydon Park - Enfield",4403,2348,1106,219,168,5516,776,2896,17434,
"Dulwich Hill - Lewisham",6611,2636,929,277,161,3907,897,2525,17948,
"Haberfield - Summer Hill",4556,2122,671,177,123,3415,431,2032,13520,
"Homebush",6432,3332,1258,438,417,4591,1185,3173,20822,
"Strathfield South",1024,490,221,74,34,1025,102,669,3636,
"Ashfield - North",3584,1979,667,229,180,2973,466,1376,11456,
"Ashfield - South",3478,1878,694,207,192,3829,536,1427,12246,
"Burwood (NSW)",3718,2685,1071,347,347,5290,1001,1478,15942,
"Croydon",2933,1561,632,159,128,3576,407,1596,10993,
"Strathfield - East",4224,3586,990,320,417,4550,930,1414,16420,
"Strathfield - West",2579,1446,457,121,81,2843,295,1439,9253,
"Chatswood (West) - Lane Cove North",7511,3029,986,289,228,4743,698,3802,21294,
"St Leonards - Naremburn",5287,1509,506,165,96,2061,453,1831,11903,
"Artarmon",3232,1293,353,154,93,2127,301,1852,9406,
"Castle Cove - Northbridge",3703,2058,484,121,133,3992,296,2659,13440,
"Chatswood - East",5594,2575,959,307,239,5914,705,3306,19601,
"Greenwich - Riverview",4334,2013,492,132,106,3253,309,2298,12928,
"Lane Cove",5716,2165,721,189,124,3408,418,3137,15888,
"Willoughby",3954,1860,525,136,89,3278,337,2820,12996,
"Asquith - Mount Colah",7023,3512,1047,217,220,5121,369,4555,22057,
"Berowra - Brooklyn - Cowan",3474,2048,643,100,92,2858,156,2420,11790,
"Normanhurst - Thornleigh - Westleigh",5736,2932,846,184,208,4984,407,3870,19158,
"Hornsby - East",3850,1946,601,198,155,2894,409,1891,11943,
"Hornsby - West",3089,1585,454,121,93,2893,303,2092,10629,
"Wahroonga (West) - Waitara",3674,1398,476,189,109,3239,413,2390,11877,
"Gordon - Killara",6385,3290,921,295,233,6779,551,3974,22433,
"Lindfield - Roseville",7117,3669,1020,264,239,6772,523,4999,24599,
"Pymble",5076,2679,743,200,184,4485,333,3531,17221,
"St Ives",5944,3043,863,217,216,6475,347,4555,21665,
"Turramurra",5568,2988,772,213,187,6325,457,3747,20251,
"Wahroonga (East) - Warrawee",5170,2743,727,180,147,5439,379,3406,18191,
"Cremorne - Cammeray",7202,2663,765,218,144,4336,538,3036,18905,
"Crows Nest - Waverton",8030,2303,761,223,137,3593,503,2366,17916,
"Neutral Bay - Kirribilli",7077,2284,716,260,151,4014,834,1850,17183,
"North Sydney - Lavender Bay",5514,1602,498,183,112,2634,700,1196,12441,
"Mosman - North",4254,1924,588,147,106,4191,457,2105,13763,
"Mosman - South",4748,2091,548,152,113,4034,365,2508,14565,
"Balgowlah - Clontarf - Seaforth",6127,3221,917,186,169,5164,464,4481,20732,
"Manly - Fairlight",8599,3370,925,284,174,4966,877,3242,22438,
"Avalon - Palm Beach",3089,2385,648,120,103,4010,440,2257,13052,
"Bayview - Elanora Heights",2777,1952,521,65,86,3544,405,1897,11243,
"Newport - Bilgola",3862,2586,705,126,118,3587,367,2334,13681,
"Mona Vale - Warriewood (North)",3813,2464,725,131,111,3948,837,2619,14634,
"North Narrabeen - Warriewood (South)",3172,1992,579,85,79,2293,341,2336,10874,
"Beacon Hill - Narraweena",4011,2361,783,117,117,3837,442,2875,14547,
"Cromer",2155,1319,386,64,66,2176,252,1638,8046,
"Forestville - Killarney Heights",3504,2138,569,105,103,3604,326,2803,13161,
"Freshwater - Brookvale",7830,3531,1147,199,182,4360,659,3922,21828,
"Manly Vale - Allambie Heights",5312,2888,789,155,132,3941,490,3832,17550,
"Terrey Hills - Duffys Forest",976,649,187,31,15,1160,99,670,3786,
"Belrose",2237,1319,467,58,63,2775,148,1590,8652,
"Collaroy - Collaroy Plateau",4226,2444,753,119,104,3424,406,2501,13980,
"Dee Why (South) - North Curl Curl",2843,1644,548,87,80,1922,267,1718,9116,
"Dee Why - North",6335,3192,1061,230,196,3572,628,2608,17816,
"Frenchs Forest - Oxford Falls",4981,2824,894,138,148,4198,253,3725,17175,
"Narrabeen - Wheeler Heights",3133,1810,540,87,73,3462,445,1684,11241,
"Camden - Ellis Lane",3483,1915,786,89,80,3837,514,2584,13295,
"Currans Hill",1929,919,470,68,34,1182,158,1687,6445,
"Elderslie - Narellan",4019,2054,879,122,91,3145,363,3345,14019,
"Harrington Park",3416,1741,764,103,70,2298,190,2654,11241,
"Mount Annan",5751,3014,1273,214,153,3837,417,4388,19040,
"Spring Farm",3073,1342,702,91,57,1309,188,2778,9539,
"Bradbury - Wedderburn",4149,2237,1394,357,179,6013,951,4729,20011,
"Campbelltown - Woodbine",5300,2502,1467,435,259,6586,1245,4294,22084,
"Claymore - Eagle Vale - Raby",4709,2437,1541,325,214,5634,844,4529,20236,
"Holsworthy Military Area",0,0,0,0,0,0,0,0,5,
"Leumeah - Minto Heights",3732,1995,1218,290,159,5243,750,3349,16729,
"Minto - St Andrews",4735,2662,1283,354,255,6114,1023,4912,21335,
"Rosemeadow - Glen Alpine",4659,2413,1389,339,186,6731,1117,4319,21155,
"Denham Court - Bardia",4078,1680,920,178,143,3402,415,4051,14868,
"Glenfield",2837,1226,594,175,118,2703,689,2205,10536,
"Ingleburn",4139,2031,937,306,185,5001,732,3387,16720,
"Macquarie Fields",2699,1517,743,304,187,4707,816,3229,14198,
"Bargo",1593,895,317,69,37,1623,217,1185,5934,
"Douglas Park - Appin",3094,1594,682,58,54,2436,511,2675,11112,
"Picton - Tahmoor - Buxton",5218,2874,1086,197,120,4701,784,3998,18987,
"The Oaks - Oakdale",2605,1557,662,67,78,2385,405,2044,9808,
"Blackheath - Megalong Valley",1091,949,366,60,44,2186,269,802,5764,
"Blaxland - Warrimoo - Lapstone",5380,3015,987,174,165,5133,339,3795,18993,
"Blue Mountains - North",0,3,0,0,0,3,0,0,7,
"Katoomba - Leura",2567,2303,792,188,139,5084,550,1730,13348,
"Lawson - Hazelbrook - Linden",2916,1975,650,117,109,3367,273,2043,11445,
"Springwood - Winmalee",5957,3539,1144,160,185,6328,478,4174,21964,
"Wentworth Falls",1257,1008,326,64,51,2370,285,1075,6428,
"Blue Mountains - South",0,0,3,0,0,4,0,0,8,
"Cambridge Park",4267,2095,984,206,116,4217,720,3402,16004,
"Emu Plains - Leonay",4043,2002,842,123,96,3757,375,2670,13914,
"Glenmore Park - Regentville",6993,3114,1319,218,150,4123,417,4661,21002,
"Jamisontown - South Penrith",4676,2354,1135,213,146,4699,697,3410,17326,
"Kingswood - Werrington",6603,3049,1344,469,255,5871,1480,5557,24625,
"Mulgoa - Luddenham - Orchard Hills",3605,1852,782,104,60,2509,299,2822,12040,
"Penrith",5000,2157,1048,379,164,4977,1560,2677,17966,
"Warragamba - Silverdale",1835,919,411,48,29,1259,199,1333,6025,
"Cranebrook - Castlereagh",4856,2431,1085,210,129,3824,596,3898,17029,
"Jordan Springs - Llandilo",4189,1773,851,147,97,2194,327,3800,13388,
"Richmond - Clarendon",3909,2140,859,179,109,4666,791,2588,15239,
"Windsor - Bligh Park",4263,2233,912,189,113,3802,635,3106,15264,
"Yarramundi - Londonderry",1712,1006,450,53,47,2703,333,1200,7504,
"Erskine Park",2011,955,438,93,60,1512,193,1215,6486,
"St Clair",5555,2699,1222,283,158,5128,733,4167,19942,
"Colyton - Oxley Park",3008,1433,697,230,124,3746,795,2992,13028,
"St Marys - North St Marys",3764,1841,944,339,198,4986,1572,3684,17325,
"Rookwood Cemetery",4,0,0,0,0,0,0,0,3,
"Auburn - Central",2688,2560,1141,519,379,7189,1655,3357,19487,
"Auburn - North",1674,1850,673,297,229,3598,719,1541,10592,
"Auburn - South",1294,758,548,171,113,3423,654,1896,8860,
"Berala",1620,923,601,191,120,3339,476,1342,8610,
"Lidcombe",4707,2996,1687,392,322,7111,1074,2915,21197,
"Regents Park",928,547,327,123,70,1996,217,923,5138,
"Silverwater - Newington",2323,1055,491,110,84,3256,190,1727,9246,
"Wentworth Point - Sydney Olympic Park",7698,2584,1538,488,259,4099,935,2807,20412,
"Ermington - Rydalmere",6398,3048,1742,354,286,7082,1052,4689,24641,
"Oatlands - Dundas Valley",4461,2389,1157,242,165,5818,741,3528,18508,
"Carlingford - East",2948,1547,645,137,120,3741,277,2208,11622,
"Carlingford - West",4900,2489,1091,267,200,5725,488,4080,19251,
"Chester Hill - Sefton",3002,1843,1229,305,208,8242,1476,4528,20842,
"Fairfield - East",2145,1229,864,319,163,6426,1514,3080,15742,
"Granville - Clyde",4083,2973,1427,512,393,7963,1695,4209,23250,
"Guildford - South Granville",2648,1703,1167,455,218,8841,1952,5393,22386,
"Guildford West - Merrylands West",3852,2122,1362,446,269,8374,1447,5045,22929,
"Smithfield Industrial",7,0,0,0,0,5,0,0,10,
"Yennora Industrial",3,5,0,0,0,4,4,0,12,
"Greystanes - South",3552,1877,1157,191,117,5577,630,3536,16645,
"Merrylands - Holroyd",4129,2431,1401,523,295,8254,1928,4847,23806,
"Pemulwuy - Greystanes (North)",2895,1252,685,115,84,2994,472,2406,10893,
"South Wentworthville",1454,774,486,114,70,2421,460,1529,7305,
"North Parramatta",7175,2715,1287,464,281,5716,1336,3912,22878,
"North Rocks",2304,1108,553,84,73,2478,179,1675,8451,
"Northmead",6326,2657,1137,388,257,4594,921,3997,20275,
"Toongabbie - Constitution Hill",5916,2808,1389,374,220,6889,1022,4239,22853,
"Winston Hills",3088,1468,713,117,77,3179,157,2408,11199,
"Pendle Hill - Girraween",3834,1478,609,253,145,3651,826,3137,13939,
"Wentworthville - Westmead",6496,2326,1034,486,303,5058,1302,4557,21568,
"Parramatta - North",4557,1501,655,321,210,2192,742,1886,12062,
"Parramatta - South",2881,1455,565,259,167,2394,566,1590,9867,
"Rosehill - Harris Park",2459,1415,521,214,140,2253,536,1492,9034,
"Pennant Hills - Cheltenham",6350,3244,877,254,235,6052,592,4137,21737,
"Epping (East) - North Epping",4566,1979,712,202,171,3723,330,2714,14404,
"Epping (NSW) - West",5466,2483,994,301,235,5192,430,3586,18690,
"Gladesville - Huntleys Point",5258,2189,784,156,129,3796,535,2606,15456,
"Hunters Hill - Woolwich",2514,1431,431,75,69,2919,675,1730,9844,
"Macquarie Park - Marsfield",7558,3352,1357,483,378,6421,991,3270,23818,
"North Ryde - East Ryde",5055,2130,767,225,145,3911,671,2718,15622,
"West Ryde - Meadowbank",6728,2830,1095,345,241,5081,613,3169,20102,
"Putney",1239,712,214,29,28,1140,95,708,4163,
"Denistone",1972,992,316,75,71,2123,136,1293,6969,
"Eastwood",4883,2710,1011,285,235,6167,678,3002,18974,
"Ryde - North",5899,2871,1153,296,234,5660,713,3464,20291,
"Ryde - South",4186,1604,681,211,114,2575,574,2035,11972,
"Ashcroft - Busby - Miller",1963,1279,907,380,224,7503,1377,4337,17962,
"Austral - Greendale",2784,1416,1039,140,86,3499,838,2725,12533,
"Badgerys Creek",8,0,0,0,0,5,3,0,25,
"Cecil Hills",1632,875,568,104,68,2235,203,1220,6906,
"Green Valley",2482,1330,904,219,168,4793,509,2519,12919,
"Hinchinbrook",2762,1507,896,198,133,4275,409,2856,13038,
"Hoxton Park - Carnes Hill - Horningsea Park",3070,1528,941,189,168,3731,439,3198,13263,
"West Hoxton - Middleton Grange",4019,2127,1260,227,168,4526,519,4352,17194,
"Cobbitty - Bringelly",1352,685,313,35,19,1136,183,1028,4761,
"Gledswood Hills - Gregory Hills",4594,1828,889,160,109,2291,340,4086,14299,
"Leppington - Catherine Field",3291,1671,783,155,131,3117,360,3056,12559,
"Oran Park",5023,2209,1004,262,165,3116,566,5283,17624,
"Bonnyrigg Heights - Bonnyrigg",3080,1591,1079,283,201,7004,767,3151,17154,
"Bossley Park - Abbotsbury",3631,1941,1334,241,201,8202,767,3388,19690,
"Cabramatta - Lansvale",3661,2253,1562,501,378,10476,1576,3696,24101,
"Cabramatta West - Mount Pritchard",2957,1730,1124,314,205,7380,1032,3507,18249,
"Canley Vale - Canley Heights",3667,2005,1407,447,326,9184,1353,3877,22261,
"Edensor Park",1903,995,720,161,107,4192,426,1772,10279,
"Fairfield",2153,1302,895,313,284,8959,1266,3078,18248,
"Fairfield - West",2797,1673,1085,308,271,9764,1086,4261,21249,
"Greenfield Park - Prairiewood",1373,832,512,126,104,4014,343,1546,8855,
"Horsley Park - Kemps Creek",933,571,361,25,12,1508,245,693,4344,
"Smithfield - Wetherill Park",2949,1700,1183,306,230,8509,880,3754,19510,
"St Johns Park - Wakeley",1950,978,696,156,129,4922,513,1841,11197,
"Wetherill Park Industrial",8,3,0,0,0,19,9,5,37,
"Casula",3361,1812,1100,313,200,5500,803,3500,16584,
"Chipping Norton - Moorebank",5012,2422,1497,280,157,6056,740,4654,20813,
"Holsworthy - Wattle Grove",6554,2566,1607,231,168,4489,962,4546,21129,
"Lurnea - Cartwright",1544,929,611,221,128,5279,886,3073,12670,
"Warwick Farm",1122,596,300,150,82,2071,523,1086,5937,
"Edmondson Park",3419,1380,760,171,137,2446,504,3257,12080,
"Liverpool - East",3629,1739,1005,422,281,5443,1662,3346,17536,
"Liverpool - West",1876,1167,741,285,165,5798,923,2773,13737,
"Prestons",3869,1819,1026,260,179,4402,597,3531,15692,
"Gymea - Grays Point",5426,3002,1050,154,143,4440,384,3548,18156,
"Miranda - Yowie Bay",5775,3084,1215,238,163,5862,746,3631,20705,
"Sylvania - Taren Point",3816,2479,878,131,121,5604,690,2722,16430,
"Caringbah",3956,1925,778,154,117,3064,507,2364,12858,
"Caringbah South",3605,2166,713,76,80,3427,300,2660,13015,
"Cronulla - Kurnell - Bundeena",7541,4081,1456,233,193,6337,1010,3519,24374,
"Lilli Pilli - Port Hacking - Dolans Bay",948,630,183,21,22,842,46,679,3369,
"Woolooware - Burraneer",2757,1572,556,67,55,2202,194,1540,8947,
"Heathcote - Waterfall",1903,1016,395,39,46,1721,288,1261,6673,
"Illawong - Alfords Point",3040,1727,576,80,77,3074,161,1826,10554,
"Menai - Lucas Heights - Woronora",6400,3459,1235,168,182,5086,372,4020,20927,
"Oyster Bay - Como - Jannali",6460,3427,1157,185,183,5378,588,4685,22063,
"Royal National Park",5,13,3,0,0,0,12,12,42,
"Sutherland - Kirrawee",7654,3438,1246,239,186,5611,928,3928,23238,
"Engadine",4908,2750,977,126,115,4257,375,3847,17356,
"Loftus - Yarrawarrah",2075,1228,396,40,52,1906,107,1542,7348,
"Woronora Heights",1152,661,208,23,24,791,46,632,3539,
"Migratory - Offshore - Shipping (NSW)",0,0,0,0,0,0,0,0,0,
"No usual address (NSW)",1229,910,370,419,224,3630,3319,1260,11371,
