"2-digit level ANC1P Ancestry 1st Response","Oceanian, nfd","Australian Peoples","New Zealand Peoples","Melanesian and Papuan","Micronesian","Polynesian","North-West European, nfd","British","Irish","Western European","Northern European","Southern and Eastern European, nfd","Southern European","South Eastern European","Eastern European","North African and Middle Eastern, nfd","Arab","Jewish","Peoples of the Sudan","Other North African and Middle Eastern","South-East Asian, nfd","Mainland South-East Asian","Maritime South-East Asian","North-East Asian, nfd","Chinese Asian","Other North-East Asian","Southern and Central Asian, nfd","Southern Asian","Central Asian","Peoples of the Americas, nfd","North American","South American","Central American","Caribbean Islander","Sub-Saharan African, nfd","Central and West African","Southern and East African","Inadequately described","So described, nfd","Not stated","Total",
"SA2 (UR)",
"Braidwood",0,1204,11,0,0,3,0,2007,317,141,25,0,78,29,32,0,18,0,0,6,0,8,22,0,19,0,0,20,0,0,11,0,0,0,0,0,9,8,0,374,4343,
"Karabar",4,2504,37,4,0,53,0,2980,520,223,21,0,367,546,109,0,30,0,0,9,0,59,93,0,92,11,0,231,4,0,14,11,5,0,0,3,14,8,14,554,8517,
"Queanbeyan",13,2604,68,17,0,80,0,3841,698,282,26,0,402,582,137,0,48,0,4,24,0,63,254,0,140,31,0,1126,17,0,19,30,3,0,0,15,43,56,45,673,11342,
"Queanbeyan - East",0,1107,16,3,6,25,0,1985,315,153,14,0,155,207,62,0,29,0,4,10,4,30,108,0,57,16,0,427,9,0,10,18,0,0,0,4,19,21,29,261,5085,
"Queanbeyan West - Jerrabomberra",0,3462,58,0,0,39,0,5072,851,355,33,5,626,603,154,0,28,7,0,43,0,33,125,0,184,10,0,392,14,0,14,29,0,0,0,8,77,32,18,471,12744,
"Googong",0,1750,12,0,0,32,0,2240,273,143,8,0,257,248,57,5,43,0,0,19,0,30,121,0,71,34,0,524,6,0,6,17,7,5,0,12,32,3,8,253,6224,
"Queanbeyan Surrounds",0,4851,33,5,0,16,0,7522,1155,592,76,0,487,231,166,0,21,0,0,3,0,41,42,0,100,14,0,85,4,4,46,42,0,0,0,0,39,11,23,940,16539,
"Bombala",0,839,3,0,0,0,0,1069,140,73,0,0,18,10,32,0,0,0,0,0,0,3,5,0,11,8,0,6,0,0,5,0,0,0,0,0,0,0,0,227,2454,
"Cooma",0,1930,29,0,0,0,0,2618,451,318,15,0,203,58,79,0,37,0,3,11,0,33,45,0,69,10,0,163,0,3,8,15,0,0,0,0,27,4,15,593,6761,
"Cooma Surrounds",0,962,3,0,0,0,0,1563,273,136,18,0,60,30,44,0,14,0,0,0,0,6,7,0,12,0,0,10,0,3,8,9,0,0,0,0,9,0,4,303,3472,
"Jindabyne - Berridale",0,1983,25,0,0,10,0,3943,548,303,31,0,148,60,94,0,6,5,0,14,0,28,11,0,130,16,0,6,0,0,12,12,0,0,0,3,10,7,0,614,8035,
"Batemans Bay",0,2524,28,0,0,8,0,3944,519,260,27,0,187,121,90,0,19,0,0,8,0,18,40,0,45,10,0,69,0,0,12,20,0,0,0,0,22,10,3,596,8581,
"Batemans Bay - South",0,2457,20,0,0,15,0,4138,550,309,45,0,213,143,93,0,5,0,0,0,0,28,47,0,59,8,0,77,0,0,14,10,0,0,0,3,15,3,8,682,8938,
"Bega - Tathra",0,2902,14,0,0,5,0,3963,620,280,21,0,82,32,30,0,5,0,0,6,0,34,32,0,55,0,0,81,0,0,8,10,0,0,0,8,9,10,9,652,8872,
"Bega-Eden Hinterland",0,2933,24,3,0,0,0,4476,650,376,25,0,134,25,56,0,11,0,0,0,0,15,25,0,22,3,0,20,0,0,21,0,0,0,0,0,12,10,4,703,9557,
"Broulee - Tomakin",0,1075,7,0,0,0,0,1861,309,127,10,0,62,25,34,0,0,0,0,3,0,3,3,0,9,0,0,13,0,0,5,0,0,0,0,0,3,0,0,216,3792,
"Deua - Wadbilliga",0,7,0,0,0,0,0,18,3,0,0,0,0,0,0,0,0,0,0,0,0,0,0,0,0,0,0,0,0,0,0,0,0,0,0,0,0,0,0,5,43,
"Eden",0,1048,4,0,0,9,0,1529,185,115,8,0,37,40,23,0,3,0,0,8,0,5,18,0,23,0,0,14,0,0,8,3,0,0,0,0,5,6,0,323,3425,
"Eurobodalla Hinterland",0,1086,8,0,0,3,0,1529,249,123,13,0,62,30,39,0,0,0,0,0,0,3,4,0,7,0,0,3,0,0,3,4,0,0,0,0,4,0,0,358,3525,
"Merimbula - Tura Beach",0,3134,20,0,0,8,0,5829,708,412,37,0,193,52,103,0,4,0,0,3,0,39,66,0,76,15,0,63,3,3,17,15,0,5,0,0,40,16,15,617,11513,
"Moruya - Tuross Head",0,2519,20,0,0,0,0,4021,594,312,16,0,118,68,69,0,11,3,0,0,0,28,29,0,15,3,0,41,0,0,13,5,0,0,0,0,4,9,0,694,8600,
"Narooma - Bermagui",0,2791,17,0,0,7,0,4748,639,333,36,0,160,66,101,0,14,0,0,3,0,30,40,0,24,8,0,69,4,3,23,10,0,5,0,0,10,18,4,726,9888,
"Goulburn",4,7428,56,9,12,61,0,10772,1659,411,35,3,303,170,98,4,49,0,3,33,0,96,207,0,272,54,0,547,18,0,20,42,0,3,0,45,59,41,39,2024,24565,
"Goulburn Surrounds",0,4223,29,0,0,4,0,6222,978,336,14,0,292,132,83,5,60,3,0,4,0,17,40,0,50,6,0,53,6,0,18,28,0,0,0,0,19,9,14,1189,13839,
"Yass",0,2281,13,0,0,18,0,3074,485,173,14,0,77,27,37,0,9,0,0,0,0,26,25,0,22,3,0,77,0,0,5,3,9,0,0,5,9,14,6,358,6763,
"Yass Surrounds",0,3720,22,0,0,7,0,6078,936,348,32,0,239,139,97,0,38,0,0,20,0,33,38,0,68,7,0,52,0,0,21,20,0,5,0,0,17,9,29,731,12713,
"Young",0,3805,25,5,0,21,0,4633,714,199,10,0,111,62,38,0,246,0,0,8,0,19,100,0,103,3,0,127,0,0,0,10,4,0,0,5,0,9,17,738,11004,
"Young Surrounds",0,2472,16,0,0,0,0,3477,589,135,13,0,55,40,31,0,35,0,0,0,0,18,34,0,30,4,0,18,0,0,12,6,0,0,0,0,0,5,10,680,7677,
"Avoca Beach - Copacabana",0,1916,32,0,0,6,0,3845,640,189,30,0,206,66,83,0,25,3,0,3,0,12,18,0,24,20,0,17,4,0,13,31,0,0,0,0,41,8,14,266,7513,
"Box Head - MacMasters Beach",0,2986,18,9,0,15,0,5552,829,284,41,0,290,77,112,0,19,4,0,11,0,22,48,0,119,16,0,25,0,0,19,21,3,0,0,0,53,13,7,428,11042,
"Calga - Kulnura",5,1241,18,4,0,12,0,1978,214,114,19,0,305,106,54,0,35,0,0,3,0,13,21,0,81,13,0,30,0,0,12,11,0,0,0,0,13,6,4,393,4716,
"Erina - Green Point",0,3548,54,4,0,13,0,6979,965,432,43,0,375,163,174,0,92,4,0,20,0,82,80,0,293,57,0,169,6,0,20,68,9,0,0,0,103,14,29,948,14758,
"Gosford - Springfield",3,4934,100,11,0,52,0,8660,1331,533,55,0,498,187,306,3,122,4,9,93,5,165,465,0,634,302,0,1035,28,16,30,128,11,3,0,17,111,38,61,1266,21204,
"Kariong",0,1939,30,3,0,18,0,2825,305,142,18,0,190,61,75,6,54,0,0,20,0,25,76,0,111,55,0,158,9,0,13,42,0,0,0,3,36,8,9,247,6485,
"Kincumber - Picketts Valley",0,2108,20,0,0,10,0,3807,503,172,14,0,141,59,86,0,21,3,0,9,0,8,60,0,48,5,0,22,0,4,13,21,0,0,0,0,44,10,0,449,7615,
"Narara",0,2023,33,0,0,31,0,3262,426,150,19,0,161,70,60,0,18,3,0,11,0,44,94,0,153,68,0,192,3,0,7,43,0,3,0,0,45,5,11,208,7157,
"Niagara Park - Lisarow",0,2351,27,0,0,14,0,4000,486,197,36,0,176,52,85,0,20,11,0,21,0,21,78,0,82,60,0,102,0,5,20,18,0,0,0,9,51,8,20,242,8205,
"Point Clare - Koolewong",0,1544,28,0,0,18,0,3157,452,195,20,0,153,57,66,0,34,4,0,13,0,45,66,0,170,52,0,68,6,3,17,34,0,0,0,0,47,0,9,309,6571,
"Saratoga - Davistown",0,2060,21,4,0,8,0,3666,512,168,24,0,151,49,47,0,12,0,0,0,0,10,14,0,37,17,0,24,0,0,6,15,0,0,0,0,21,4,8,292,7160,
"Terrigal - North Avoca",0,3542,58,0,0,15,0,7288,1060,404,61,0,471,191,152,0,52,0,0,35,0,44,46,0,190,55,0,158,5,7,38,70,3,0,0,0,113,17,12,737,14849,
"Umina - Booker Bay - Patonga",4,6721,147,4,3,59,0,11660,1649,571,79,0,629,235,347,5,46,3,0,58,0,110,170,0,212,69,0,135,14,9,37,106,3,5,0,0,55,35,20,1484,24697,
"Wamberal - Forresters Beach",0,2976,29,0,0,15,0,5276,758,276,29,0,258,115,91,0,46,0,0,12,0,25,22,0,109,13,0,75,3,4,26,25,4,3,0,3,37,15,8,423,10675,
"Woy Woy - Blackwall",3,4015,52,13,0,37,0,6460,892,317,45,0,318,109,138,0,37,0,0,18,0,87,160,0,329,56,0,142,7,3,33,65,7,3,0,6,37,21,9,909,14346,
"Wyoming",0,3102,55,3,0,48,3,5149,666,252,24,0,259,76,143,0,9,0,0,35,0,69,173,0,168,135,0,256,5,0,8,42,5,0,0,4,38,19,22,652,11423,
"Bateau Bay - Killarney Vale",0,7101,92,0,0,43,0,10531,1501,402,32,0,561,159,127,3,49,0,0,22,0,33,121,0,167,28,0,99,11,0,21,60,5,0,0,5,49,30,13,1558,22825,
"Blue Haven - San Remo",0,4039,88,0,0,50,0,5042,531,186,13,0,270,75,40,0,45,0,0,10,0,13,104,0,51,13,0,48,0,0,11,48,0,0,0,0,15,14,13,549,11290,
"Budgewoi - Buff Point - Halekulani",0,3026,38,3,0,25,0,4671,580,215,11,0,226,43,55,0,8,0,3,4,0,31,52,0,39,11,0,11,5,0,12,10,4,0,0,0,14,15,3,602,9728,
"Chittaway Bay - Tumbi Umbi",0,4980,84,8,0,27,0,7740,1021,375,41,0,403,112,83,0,30,0,0,14,0,27,77,0,118,18,0,119,3,0,13,67,0,0,0,0,34,22,19,583,16006,
"Gorokan - Kanwal - Charmhaven",4,7108,133,5,0,117,0,9895,1137,426,35,0,501,162,158,0,49,0,0,12,0,90,199,0,187,39,0,175,11,0,21,56,3,5,0,0,41,44,8,1731,22362,
"Jilliby - Yarramalong",0,1089,6,0,0,0,0,1587,215,89,13,0,82,33,18,0,5,0,0,0,0,6,23,0,16,8,0,12,5,0,10,3,0,0,0,0,12,3,12,187,3420,
"Lake Munmorah - Mannering Park",0,3504,37,0,0,14,0,5351,554,263,22,0,262,54,57,4,31,0,0,3,0,20,41,0,32,12,0,19,6,0,15,16,0,0,0,0,11,11,5,614,10960,
"Ourimbah - Fountaindale",0,1381,11,0,0,19,0,2413,335,129,11,0,92,18,39,0,18,0,0,7,0,28,30,0,94,14,0,39,0,0,7,11,0,3,0,0,11,3,0,196,4928,
"Summerland Point - Gwandalan",0,2066,9,0,0,5,0,3015,429,146,9,0,200,64,54,0,20,0,0,8,0,5,22,0,34,4,0,9,8,0,7,14,0,0,0,0,15,15,4,345,6492,
"The Entrance",6,4609,59,0,0,30,0,6955,1111,316,27,0,479,204,120,3,79,5,0,15,0,59,117,0,158,27,0,243,4,4,21,47,4,4,0,7,46,25,20,1038,15839,
"Toukley - Norah Head",0,3234,37,0,0,19,0,4484,646,166,22,0,225,76,59,5,25,0,0,7,0,28,51,0,59,5,0,52,0,0,7,24,0,0,0,0,7,10,17,659,9909,
"Tuggerah - Kangy Angy",4,1404,38,0,0,0,0,2331,307,113,16,0,164,47,48,0,25,3,0,13,0,29,79,0,107,40,0,139,3,0,8,11,0,0,0,0,30,9,0,242,5229,
"Warnervale - Wadalba",0,6108,119,3,0,112,0,8377,919,378,41,7,601,146,154,8,67,0,0,39,0,86,307,0,243,98,0,706,12,4,20,90,7,3,0,20,109,27,62,1183,20051,
"Wyong",4,2770,63,4,0,53,0,3789,428,182,17,0,188,63,58,0,28,0,0,18,0,53,151,0,191,46,0,190,7,0,14,36,0,0,0,0,32,25,8,694,9120,
"Bathurst - East",0,4285,42,0,0,9,0,5539,776,230,16,0,163,44,45,4,67,0,0,6,0,43,56,0,79,19,0,222,31,0,5,9,0,0,0,5,23,9,10,608,12330,
"Bathurst Surrounds",0,2168,11,0,0,0,0,3125,501,160,15,0,129,37,39,0,18,0,0,3,0,5,14,0,14,3,0,18,0,0,4,0,0,0,0,0,6,9,5,623,6909,
"Oberon",0,1348,11,0,0,23,0,1974,345,96,15,0,71,66,34,0,15,0,0,0,0,8,12,0,32,5,0,64,0,0,4,4,0,0,0,0,19,3,6,677,4834,
"Bathurst - South",0,2927,39,4,0,29,0,4311,819,155,9,0,134,52,44,0,37,4,6,19,0,70,106,0,94,23,0,416,9,0,13,22,3,0,0,6,21,21,21,1353,10752,
"Bathurst - West",0,4737,34,0,0,26,0,6481,1079,285,11,0,207,68,74,3,34,0,0,15,0,43,76,0,96,16,0,208,0,0,15,23,0,0,0,0,47,15,11,694,14313,
"Condobolin",0,2641,8,3,0,0,0,2296,291,65,4,0,29,5,3,0,13,0,0,0,0,5,49,0,24,0,0,77,0,0,0,5,0,0,0,0,14,0,4,825,6372,
"Cowra",10,3364,9,0,0,5,0,4043,529,179,20,0,97,47,28,0,5,0,8,6,0,30,45,0,40,18,0,69,0,0,4,6,0,0,0,22,20,28,6,641,9273,
"Cowra Surrounds",0,1825,9,0,0,6,0,2538,367,133,5,0,78,24,20,0,6,0,0,3,0,8,20,0,27,0,0,23,0,0,10,6,0,0,0,0,8,3,0,593,5716,
"Forbes",0,3846,14,0,0,3,0,4097,573,177,10,0,117,25,25,0,3,0,0,0,0,9,45,0,36,5,0,73,0,0,0,3,0,0,0,0,0,3,0,957,10020,
"Grenfell",0,1216,5,0,0,0,0,1735,218,63,0,0,32,10,6,0,3,0,0,0,0,5,17,0,6,3,0,15,0,0,4,0,0,0,0,0,0,0,9,255,3597,
"Parkes (NSW)",0,4163,17,5,0,21,0,4627,606,165,10,0,87,17,48,0,9,0,0,10,0,33,77,0,62,6,0,93,3,0,3,10,0,0,0,8,51,7,11,771,10919,
"Parkes Surrounds",0,1291,3,0,0,5,0,1319,165,85,4,0,21,5,11,0,5,0,0,0,0,0,8,0,14,4,0,9,0,0,0,0,0,0,0,0,3,5,0,299,3262,
"West Wyalong",0,1861,15,11,0,4,0,2468,307,113,13,0,16,12,11,0,8,0,0,0,0,8,32,0,26,0,0,29,0,0,6,3,0,0,0,3,3,11,0,563,5525,
"Lithgow",0,4003,33,15,0,17,0,5496,687,213,17,0,152,83,87,0,18,3,0,18,0,62,88,0,99,7,0,110,3,3,16,15,0,5,0,3,8,11,18,1082,12385,
"Lithgow Surrounds",0,2625,18,0,0,9,0,3910,530,191,14,0,128,75,57,7,15,0,0,3,0,16,29,0,40,8,0,31,10,0,9,13,5,0,0,0,11,5,0,688,8448,
"Mudgee",0,4214,33,0,0,17,0,5779,793,279,15,0,141,51,55,0,13,0,0,8,0,37,65,0,62,13,0,144,0,0,14,14,4,0,0,4,26,13,6,779,12563,
"Mudgee Surrounds - East",0,1143,10,0,0,0,0,1449,152,83,6,0,56,23,28,0,7,0,0,0,0,11,11,0,18,0,0,4,0,0,0,0,0,0,0,0,4,3,0,366,3398,
"Mudgee Surrounds - West",0,3769,15,0,0,9,0,4944,572,264,20,0,170,38,39,0,11,0,0,0,0,8,37,0,25,0,0,19,0,0,10,5,0,0,0,0,12,16,9,1069,11072,
"Wollangambe - Wollemi",0,0,0,0,0,0,0,0,0,0,0,0,0,0,0,0,0,0,0,0,0,0,0,0,0,0,0,0,0,0,0,0,0,0,0,0,0,0,0,0,0,
"Blayney",0,2644,7,6,0,3,0,3482,525,127,5,0,74,20,20,0,11,0,0,0,0,8,15,0,26,8,0,11,0,0,7,4,0,0,0,0,0,3,0,515,7517,
"Orange",0,6384,54,0,0,36,0,8131,1201,358,30,0,275,95,132,0,28,0,4,20,0,56,172,0,152,35,0,375,5,0,13,18,3,0,0,4,54,22,44,1309,19023,
"Orange - North",0,7540,53,4,0,70,0,9801,1329,432,12,0,404,153,145,3,69,4,5,42,0,91,184,0,268,57,0,760,7,0,25,34,6,0,0,22,117,37,65,1150,22895,
"Orange Surrounds",0,4151,25,0,0,3,0,5448,734,238,11,0,169,42,43,0,6,0,0,8,0,9,17,0,33,11,0,26,0,0,7,0,0,0,0,0,26,4,17,799,11830,
"Grafton",0,7382,22,3,0,23,0,8296,1023,377,22,0,154,22,46,0,7,0,0,7,0,32,95,0,84,10,0,158,10,0,8,8,0,0,0,10,21,14,15,1403,19255,
"Grafton Surrounds",0,5374,41,4,0,11,0,7361,889,392,38,0,162,30,60,0,3,0,0,0,0,24,50,0,36,4,0,60,0,0,13,12,0,0,0,0,18,15,4,2272,16875,
"Maclean - Yamba - Iluka",0,5136,34,18,0,15,0,8690,1253,457,46,0,215,50,79,0,6,0,0,9,0,37,96,0,89,18,0,44,0,0,22,16,3,0,0,0,18,59,13,1100,17533,
"Bellingen",0,1632,18,0,0,0,0,2917,448,272,20,0,93,26,52,0,9,12,0,0,0,6,23,0,20,9,0,21,0,0,18,9,4,3,0,0,20,4,12,519,6168,
"Coffs Harbour - North",3,5305,65,13,0,36,0,7660,1028,474,48,0,281,70,110,0,161,0,33,61,0,386,144,0,171,36,0,386,43,0,38,21,22,0,0,45,123,49,69,1229,18099,
"Coffs Harbour - South",0,2973,26,44,0,31,0,4584,622,231,22,0,227,62,58,0,232,0,26,69,0,283,85,0,88,27,0,204,18,0,23,10,4,0,0,48,109,52,39,1098,11305,
"Coramba - Nana Glen - Bucca",3,1237,7,0,0,6,0,1807,204,180,5,0,64,9,28,0,0,0,0,0,0,15,12,0,20,0,0,23,0,0,4,0,0,0,0,0,10,9,0,292,3950,
"Dorrigo",0,937,13,0,0,4,0,1553,206,108,7,0,26,15,20,0,0,0,0,0,0,7,17,0,19,0,0,0,0,0,3,4,0,5,0,0,0,6,0,298,3250,
"Korora - Emerald Beach",0,2656,38,4,0,5,0,5153,737,357,26,0,195,39,76,0,23,3,4,8,0,19,49,0,119,24,0,118,0,4,19,20,8,0,0,13,69,12,22,420,10262,
"Sawtell - Boambee",0,6304,52,4,0,15,0,9597,1224,530,42,0,317,72,116,0,23,0,6,9,0,86,96,0,110,21,0,152,0,3,20,13,6,0,0,14,57,20,25,1119,20066,
"Urunga",0,1499,9,6,0,5,0,2392,350,143,17,0,35,24,30,0,5,0,0,0,0,0,10,0,14,4,0,8,0,0,5,4,0,0,0,0,4,4,4,329,4907,
"Woolgoolga - Arrawarra",0,3855,41,3,0,63,0,6321,823,331,32,0,185,48,69,0,12,0,3,4,0,34,122,0,177,62,0,1306,35,0,26,14,0,0,0,7,40,19,9,833,14463,
"Bourke - Brewarrina",0,1652,4,4,0,4,0,890,144,22,5,0,16,3,0,0,0,0,0,0,0,0,10,0,14,5,0,65,0,0,0,0,0,0,0,3,3,0,0,573,3428,
"Cobar",0,1568,25,8,0,20,0,1398,199,59,0,0,39,12,5,0,7,0,4,0,0,17,25,0,30,0,0,28,0,0,6,0,0,0,0,4,19,0,13,632,4129,
"Coonamble",0,1907,7,0,0,0,0,1143,174,53,3,0,19,12,12,0,0,0,0,0,0,4,15,0,13,0,0,36,0,0,0,0,0,0,0,0,0,0,0,548,3926,
"Nyngan - Warren",0,1916,6,3,0,10,0,1670,289,39,0,0,14,9,11,0,8,0,0,0,0,14,29,0,20,3,0,41,0,0,4,0,0,0,0,0,12,3,8,476,4591,
"Walgett - Lightning Ridge",0,2056,10,0,0,0,0,1379,229,108,20,0,26,94,44,0,0,0,0,9,0,9,35,0,23,3,0,56,0,0,5,5,0,0,0,4,5,5,3,1408,5534,
"Broken Hill",0,6614,26,12,0,22,0,7081,846,319,26,0,415,82,29,4,21,0,0,7,0,20,192,0,40,9,0,115,7,0,8,12,0,0,0,0,26,14,14,1628,17588,
"Far West",0,1039,8,0,0,16,0,666,91,45,0,0,13,0,6,0,0,0,0,0,0,0,0,0,5,0,0,3,0,0,0,0,0,0,0,0,0,0,0,391,2288,
"Coonabarabran",0,2698,14,0,0,4,0,3307,350,168,11,0,59,14,17,0,7,3,0,0,0,8,23,0,34,5,0,36,0,0,5,6,0,0,0,0,6,7,3,1133,7921,
"Dubbo - East",0,4366,16,16,0,12,0,3785,453,158,8,0,90,18,12,0,15,0,0,8,0,8,81,0,64,10,0,450,0,0,9,0,0,0,0,0,22,7,14,993,10633,
"Dubbo - South",3,6825,48,0,0,35,0,7308,1094,259,16,0,175,43,64,0,46,0,0,20,0,64,178,0,211,40,0,1379,7,0,11,23,0,0,0,15,73,26,67,1581,19628,
"Dubbo - West",0,4038,14,4,0,24,0,3794,472,147,5,0,78,24,28,4,23,0,0,3,0,31,93,0,105,15,0,340,0,0,11,9,0,0,0,15,58,12,24,955,10317,
"Dubbo Surrounds",0,2366,14,0,0,0,0,2482,314,108,4,0,39,8,13,0,6,0,0,0,0,0,9,0,4,0,0,0,0,0,12,0,0,0,0,0,5,4,0,563,5963,
"Gilgandra",0,1765,12,0,0,0,0,1716,230,68,3,0,16,5,10,0,0,0,0,0,0,3,12,0,9,0,0,18,0,0,0,0,0,0,0,0,0,4,4,519,4398,
"Narromine",0,2677,10,0,0,0,0,2369,287,87,10,0,45,10,7,0,3,0,0,0,0,6,22,0,10,0,0,19,0,0,7,8,0,0,0,0,10,3,0,867,6458,
"Wellington",0,3305,10,0,0,3,0,2913,395,143,7,0,75,11,25,0,8,0,0,4,0,17,43,0,31,8,0,37,5,0,7,20,0,0,0,0,0,10,10,1675,8769,
"Branxton - Greta - Pokolbin",0,4262,44,0,0,5,0,5996,741,330,18,0,216,42,142,0,20,0,0,9,0,69,57,0,65,7,0,83,0,0,13,3,0,0,0,0,31,19,17,575,12770,
"Cessnock",0,8007,55,0,0,16,0,10161,987,418,22,0,228,51,81,0,26,0,3,7,0,86,108,0,98,17,0,126,3,0,19,21,3,0,0,0,25,19,11,2908,23495,
"Cessnock Surrounds",0,3205,19,0,0,0,0,4378,485,199,23,0,123,28,43,0,8,0,0,5,0,4,19,0,37,4,0,22,0,0,9,8,0,0,0,0,11,8,0,514,9145,
"Dungog",0,3589,14,0,0,7,0,4518,511,192,13,0,88,27,40,0,0,4,0,0,0,0,20,0,22,0,0,6,0,0,7,3,0,0,0,0,3,9,3,464,9541,
"Kurri Kurri - Abermain",0,7754,33,0,0,28,0,9529,918,402,25,0,185,61,75,0,14,0,0,4,0,50,139,0,47,15,0,119,0,0,19,7,0,0,0,3,19,18,11,1138,20631,
"Singleton",0,6009,112,13,0,42,0,7550,898,393,19,0,185,28,55,0,6,0,0,8,0,84,186,0,103,4,0,128,0,0,7,10,0,0,0,8,84,15,18,1065,17018,
"Singleton Surrounds",0,2038,8,0,0,0,0,2272,233,131,5,0,60,11,17,0,5,0,0,3,0,0,13,0,11,0,0,9,0,0,4,3,0,0,0,0,27,10,6,465,5332,
"Maitland",0,3024,26,0,0,7,0,3861,429,192,15,0,107,42,39,0,18,0,14,3,0,10,72,0,62,16,0,180,0,0,6,3,3,0,0,3,32,13,22,404,8611,
"Maitland - North",0,2881,20,0,0,6,0,4336,584,201,4,0,83,37,38,0,18,5,7,3,0,21,27,0,37,5,0,25,0,0,6,12,0,0,0,0,34,8,4,343,8727,
"East Maitland - Metford",0,5740,49,5,0,45,0,8335,966,355,25,0,205,89,161,3,30,0,14,33,0,65,195,0,249,17,0,317,9,0,16,27,11,0,0,12,67,13,40,874,17981,
"Rutherford (North) - Aberglasslyn",0,6379,48,8,0,39,0,7909,853,369,20,0,207,66,96,0,31,0,3,9,0,43,143,0,84,30,0,307,4,0,19,15,3,0,0,7,90,31,52,857,17730,
"Rutherford (South) - Telarah",0,2906,26,3,0,16,0,3517,418,168,7,0,103,13,62,0,8,0,0,0,0,14,48,0,33,3,0,91,4,0,5,6,0,0,0,14,9,5,14,487,7976,
"Tenambit - East Maitland",3,3336,21,0,0,18,0,5002,643,209,16,0,84,36,87,0,4,0,9,0,0,20,41,0,52,11,0,39,0,0,5,6,0,0,0,11,19,6,15,411,10091,
"Thornton - Millers Forest",0,5499,52,0,0,42,0,7113,753,328,13,0,221,87,95,0,18,0,6,16,0,41,104,0,160,67,0,549,12,4,13,27,0,0,0,14,101,18,47,514,15899,
"Anna Bay",3,1755,21,6,0,4,0,3334,377,183,15,0,134,36,55,0,8,0,0,6,0,21,18,0,22,0,0,17,0,0,11,15,0,0,0,0,10,4,7,382,6449,
"Lemon Tree Passage - Tanilba Bay",0,2212,28,0,0,8,0,3332,364,205,11,0,110,36,44,0,9,0,0,9,0,11,28,0,33,0,0,10,0,0,6,5,0,0,0,0,15,9,0,385,6887,
"Nelson Bay Peninsula",0,5691,64,3,0,23,0,11012,1471,615,48,0,511,340,213,4,56,7,0,28,0,80,114,0,130,25,0,166,8,0,38,56,4,3,0,14,76,16,25,1127,21972,
"Raymond Terrace",0,5222,31,5,0,41,0,6417,737,332,26,0,175,77,71,0,13,0,5,0,0,43,123,0,87,15,0,89,0,0,14,13,3,0,0,11,25,22,21,990,14588,
"Seaham - Woodville",0,2013,6,0,0,5,0,2732,298,136,11,0,75,44,36,0,3,0,0,0,0,0,8,0,3,0,0,7,0,0,8,0,5,0,0,0,10,7,4,284,5693,
"Tea Gardens - Hawks Nest",0,1495,17,0,0,0,0,2950,351,155,21,0,63,36,57,0,8,0,0,3,0,9,17,0,43,3,0,39,0,0,10,3,0,0,0,0,20,9,10,471,5804,
"Williamtown - Medowie - Karuah",0,5392,33,0,0,25,0,6973,724,370,25,0,251,85,100,0,15,0,0,8,0,44,51,0,76,14,0,49,3,3,15,15,0,4,0,0,40,26,6,670,15020,
"Muswellbrook",0,4648,47,8,0,13,0,4911,554,199,5,0,130,39,27,0,21,0,0,8,0,46,134,0,82,12,0,169,0,0,4,11,0,0,0,15,50,27,24,1091,12272,
"Muswellbrook Surrounds",0,1485,5,0,0,3,0,1850,242,75,0,0,38,7,9,0,0,0,0,3,0,12,10,0,12,0,0,12,0,0,4,0,0,0,0,0,9,6,0,296,4083,
"Scone",0,1935,20,41,0,12,0,2728,361,109,3,0,66,3,26,0,4,0,0,4,0,6,82,0,123,10,0,47,0,0,3,21,0,0,0,0,14,17,3,386,6035,
"Scone Surrounds",0,2930,25,0,0,4,0,3715,496,163,8,0,74,14,22,0,6,0,0,0,0,8,21,0,23,0,0,45,0,0,3,3,0,0,0,0,7,0,5,613,8194,
"Dapto - Avondale",0,6765,88,3,0,63,0,11379,1120,691,61,0,1109,644,178,0,71,0,0,74,0,108,237,0,135,31,0,157,5,6,25,97,8,3,0,16,44,16,32,1020,24195,
"Horsley - Kembla Grange",4,3319,54,0,0,27,0,5168,471,310,21,0,719,604,100,0,55,0,4,44,0,46,127,0,190,26,0,373,10,3,8,57,7,0,0,11,25,10,16,353,12155,
"Port Kembla Industrial",0,5,0,0,0,0,0,0,0,0,0,0,0,0,0,0,0,0,0,0,0,0,0,0,0,0,0,0,0,0,0,0,0,0,0,0,0,0,0,0,5,
"Unanderra - Mount Kembla",4,3787,48,0,0,14,0,5862,721,409,52,0,1079,1240,149,3,230,3,8,78,0,72,104,0,190,26,0,240,8,3,16,127,6,0,0,3,40,8,29,712,15280,
"Berkeley - Lake Heights - Cringila",8,3213,59,6,0,74,0,3985,449,321,25,3,1434,1650,135,23,784,0,0,211,5,188,142,0,117,29,0,121,11,0,11,93,9,0,0,53,64,34,50,896,14200,
"Port Kembla - Warrawong",3,2029,67,0,0,94,0,2710,307,227,25,4,1234,1475,105,3,115,0,10,94,0,131,97,0,57,14,0,81,0,0,11,39,3,0,0,49,68,27,24,649,9740,
"Windang - Primbee",0,1209,13,0,0,8,0,1735,249,124,8,0,271,198,47,0,21,0,0,5,0,21,17,0,10,0,0,12,0,0,6,10,0,0,0,0,3,4,0,266,4239,
"Illawarra Catchment Reserve",0,0,0,0,0,0,0,4,0,0,0,0,0,4,0,0,0,0,0,0,0,0,0,0,0,0,0,0,0,0,0,0,0,0,0,0,0,0,0,0,9,
"Albion Park - Macquarie Pass",0,5539,58,0,3,31,0,8758,885,625,30,0,954,407,102,3,59,0,0,55,0,47,134,0,131,8,0,212,6,6,23,97,4,0,0,14,32,35,30,728,19026,
"Albion Park Rail",0,2022,28,0,0,9,0,3213,315,261,20,0,263,116,57,0,11,0,0,15,0,29,60,0,17,6,0,49,5,0,0,25,0,0,0,3,0,8,3,367,6920,
"Kiama",0,2121,25,0,0,12,0,4293,732,236,34,0,267,133,83,0,12,0,0,11,0,35,35,0,95,16,0,37,0,0,30,24,6,0,0,0,29,7,3,501,8786,
"Kiama Downs - Minnamurra",0,1666,32,0,0,10,0,3045,436,170,27,0,158,89,42,3,7,0,0,0,0,11,17,0,38,3,0,11,0,0,9,7,0,0,0,0,16,5,3,248,6063,
"Kiama Hinterland - Gerringong",0,2180,41,0,0,3,0,4101,700,203,23,0,214,72,62,0,19,4,0,5,0,17,20,0,39,3,0,25,0,0,17,15,0,5,0,0,13,0,5,357,8136,
"Shellharbour - Flinders",0,4856,76,0,0,29,0,7920,938,495,40,4,1334,1497,179,3,147,5,0,135,0,89,99,0,152,34,0,180,5,5,18,98,5,0,0,4,69,14,22,876,19341,
"Shellharbour - Oak Flats",0,2724,44,0,0,14,0,4240,516,419,31,0,668,688,110,4,57,0,0,67,0,74,52,0,86,10,0,107,4,0,13,33,3,0,0,10,18,12,31,557,10590,
"Warilla",0,5845,111,3,0,43,0,8225,877,576,49,0,1095,1045,169,14,86,4,6,170,0,133,150,0,74,15,0,109,6,4,18,109,9,0,0,8,26,30,12,1379,20397,
"Balgownie - Fairy Meadow",0,4751,50,6,0,80,0,8083,1120,586,36,3,2053,820,253,20,317,0,6,327,0,274,146,0,530,60,0,533,17,3,40,128,18,0,0,30,52,40,40,1109,21519,
"Corrimal - Tarrawanna - Bellambi",6,4087,73,4,0,105,0,6844,880,490,40,3,919,520,175,10,170,0,3,75,0,157,142,0,146,30,0,179,15,0,22,87,3,5,0,17,48,33,20,733,16041,
"Figtree - Keiraville",0,4990,74,9,0,42,0,8302,1170,589,57,6,1311,1728,257,19,421,5,6,202,0,184,145,0,788,79,0,879,16,0,39,130,9,5,0,26,81,47,76,1082,22773,
"Helensburgh",0,2644,34,0,0,5,0,4493,653,241,24,0,210,90,62,0,11,0,0,17,0,25,30,0,79,9,0,41,0,0,23,22,4,0,0,0,20,12,10,362,9135,
"Thirroul - Austinmer - Coalcliff",0,2940,49,0,0,8,0,5877,1045,404,42,0,386,190,182,0,39,6,0,21,0,36,31,0,101,28,0,51,0,0,21,41,0,0,0,0,20,6,17,398,11957,
"Woonona - Bulli - Russell Vale",0,5821,39,0,0,33,0,9873,1384,653,57,0,775,262,201,4,115,6,0,34,0,79,94,0,134,28,0,139,0,0,42,69,7,3,0,15,65,22,25,775,20761,
"Wollongong - East",6,2754,38,0,0,47,0,5851,936,459,38,4,1001,853,205,15,332,6,4,229,0,292,196,0,687,129,0,629,27,3,37,119,18,0,0,24,57,18,36,952,16020,
"Wollongong - West",0,3031,36,0,0,65,0,5345,861,377,33,0,731,1746,125,16,369,0,5,171,0,391,204,0,655,79,0,903,30,3,28,93,12,4,0,53,72,38,59,997,16551,
"Bulahdelah - Stroud",0,1809,14,0,0,4,0,2390,253,111,10,0,61,12,15,0,0,0,0,0,0,3,22,0,12,0,0,15,0,0,7,0,4,0,0,0,9,0,6,477,5235,
"Forster",3,4590,35,0,0,12,0,7163,822,316,38,0,250,75,88,4,39,3,0,12,0,46,92,0,68,20,0,118,3,0,12,17,5,0,0,4,26,22,11,837,14709,
"Forster-Tuncurry Surrounds",0,2106,12,5,0,0,0,3317,388,169,16,0,124,29,39,0,5,3,0,14,0,16,24,0,24,11,0,18,0,0,16,3,0,4,0,0,11,9,7,618,6988,
"Tuncurry",0,2164,15,0,0,3,0,2956,354,124,14,0,121,32,48,0,4,0,0,6,0,10,41,0,47,3,0,50,0,0,3,12,0,0,0,0,4,4,0,366,6376,
"Kempsey",0,6043,30,0,0,26,0,6019,701,254,22,0,120,38,35,0,20,0,0,3,0,26,99,0,78,0,0,85,0,0,16,7,5,0,0,0,11,7,6,2014,15654,
"Kempsey Surrounds",0,3171,23,0,0,14,0,4348,493,247,9,0,90,22,37,0,5,0,0,0,0,25,50,0,60,9,0,22,0,0,10,10,0,0,0,0,15,9,4,790,9472,
"Macksville - Scotts Head",0,1818,12,0,0,3,0,2392,300,102,13,0,60,14,18,0,10,3,0,4,0,5,20,0,19,6,0,60,0,0,5,4,0,0,0,0,3,10,0,324,5189,
"Nambucca Heads",0,2342,14,3,0,4,0,3229,401,163,15,0,83,32,39,0,8,0,0,0,0,24,28,0,22,6,0,53,0,0,14,3,0,0,0,0,9,7,4,590,7111,
"Nambucca Heads Surrounds",0,2583,12,0,0,0,0,3842,469,184,11,0,113,27,43,0,9,0,0,0,0,11,24,0,20,3,0,43,0,0,4,3,0,0,0,0,9,14,8,656,8102,
"South West Rocks",0,1711,6,0,0,0,0,2775,381,120,6,0,60,15,47,0,3,0,0,6,0,13,33,0,23,5,0,24,0,0,0,4,0,0,0,0,4,0,0,380,5628,
"Lord Howe Island",0,133,3,0,0,5,0,178,34,15,0,0,5,0,3,0,0,0,0,0,0,0,0,0,11,4,0,0,0,0,3,3,0,0,0,0,0,0,0,39,445,
"Laurieton - Bonny Hills",0,5713,34,0,0,15,0,9490,1210,451,37,0,241,61,97,0,12,0,0,8,0,31,35,0,77,4,0,36,6,5,39,21,0,0,0,0,20,48,8,777,18484,
"Port Macquarie - West",0,6453,54,6,0,23,0,9831,1151,491,54,0,355,82,133,0,42,7,0,39,0,86,206,0,175,27,0,420,7,9,20,22,5,0,0,3,86,33,31,1295,21147,
"Port Macquarie Surrounds",0,1748,13,0,0,3,0,2480,312,134,16,0,55,24,32,0,5,0,0,0,0,4,15,0,22,3,0,6,0,0,4,4,0,0,0,0,9,6,0,393,5301,
"Wauchope",0,4638,35,0,0,5,0,6073,634,267,16,0,136,35,42,0,18,0,0,0,0,31,41,0,55,0,0,23,0,0,18,10,0,0,0,0,23,8,0,687,12796,
"Port Macquarie - East",0,3298,27,0,0,11,0,5764,907,309,23,0,186,63,70,0,34,3,0,19,0,43,62,0,96,40,0,135,14,0,20,32,5,3,0,3,26,13,14,556,11764,
"Port Macquarie - South",0,4969,42,0,0,8,0,8737,1329,484,37,0,284,102,108,0,40,0,0,11,0,39,73,0,127,20,0,88,5,0,22,19,0,0,0,4,45,15,8,644,17284,
"Gloucester",0,1878,13,0,0,3,0,2551,275,87,8,0,44,16,21,0,5,0,0,3,0,3,19,0,16,3,0,12,0,0,8,0,3,0,0,0,9,0,0,329,5310,
"Old Bar - Manning Point - Red Head",0,3931,28,0,0,9,0,5940,709,377,29,0,198,69,84,0,11,0,0,13,0,27,48,0,57,9,0,60,0,0,22,16,0,0,0,4,28,9,5,797,12476,
"Taree",0,7787,31,0,0,9,0,9008,899,405,44,0,195,59,65,4,64,0,0,7,0,63,175,0,140,18,0,274,0,0,26,14,0,0,0,14,17,23,30,1747,21123,
"Taree Surrounds",0,4257,21,0,0,6,0,6297,760,322,27,0,215,38,63,0,9,0,0,5,0,22,29,0,31,10,0,31,4,0,9,15,0,3,0,0,18,14,14,818,13044,
"Wingham",0,1902,7,0,0,3,0,2613,222,100,0,0,73,3,26,0,0,0,0,0,0,10,17,0,22,5,0,3,0,0,0,7,0,0,0,0,6,4,0,353,5395,
"Albury - East",0,5161,34,0,0,20,0,8029,1403,704,22,0,298,120,106,0,32,3,9,15,0,97,111,0,153,30,0,557,0,0,15,21,3,0,0,10,47,26,37,761,17831,
"Albury - North",0,3039,21,0,0,3,0,4427,725,418,24,0,155,52,68,0,18,3,0,8,0,64,86,0,52,4,0,397,0,0,10,13,0,0,0,25,27,24,28,831,10527,
"Albury - South",0,2659,14,0,0,10,0,4820,873,407,25,0,208,131,108,0,17,0,0,3,0,40,55,0,66,17,0,293,0,0,9,14,0,0,0,28,25,21,9,665,10519,
"Albury Surrounds",0,3995,22,0,0,18,0,5437,878,718,6,0,125,26,46,0,16,0,0,0,0,19,33,0,26,9,0,48,3,0,12,9,0,0,0,9,4,15,3,1033,12507,
"Lavington",5,4455,51,0,0,13,0,6304,946,644,16,4,240,111,102,0,23,0,0,9,0,82,207,0,81,11,0,1059,5,0,13,3,0,0,0,147,28,33,15,1054,15665,
"Hay",0,979,11,0,0,16,0,1205,151,29,0,0,61,16,3,0,0,0,0,3,0,6,4,0,7,0,0,36,0,0,0,0,0,0,0,0,10,0,3,339,2897,
"Wentworth - Buronga",0,2222,15,23,0,25,0,2514,322,144,4,0,225,47,22,0,8,0,0,9,0,14,37,0,17,6,0,28,0,0,0,0,0,0,0,6,4,7,0,814,6511,
"Wentworth-Balranald Region",0,939,0,15,0,45,0,1382,192,58,0,0,279,10,7,0,0,0,0,0,0,24,65,0,45,0,0,26,0,0,0,0,0,0,0,0,0,3,0,548,3648,
"Corowa",0,1746,11,0,0,0,0,2704,363,146,4,0,85,18,35,0,0,0,0,0,0,7,50,0,22,0,0,15,0,0,0,0,0,0,0,0,0,4,4,358,5595,
"Corowa Surrounds",0,2158,9,0,0,0,0,3465,549,195,7,0,96,22,32,0,0,0,0,0,0,11,30,0,16,17,0,18,0,0,3,0,0,0,0,5,5,9,0,621,7262,
"Deniliquin",0,2436,17,0,0,7,0,3014,385,138,7,0,120,19,10,0,8,0,0,3,0,9,22,0,46,4,0,79,0,0,3,0,0,0,0,0,19,6,0,693,7038,
"Deniliquin Surrounds",0,2234,13,0,0,3,0,3114,412,149,3,0,104,8,16,0,0,0,0,0,0,11,89,0,19,0,0,11,0,0,0,0,0,0,0,0,6,3,0,638,6837,
"Moama",0,2102,15,0,0,0,0,3298,462,155,11,0,198,18,18,0,0,0,0,0,0,25,33,0,34,14,0,60,0,0,0,0,0,0,0,0,6,3,0,468,6930,
"Tocumwal - Finley - Jerilderie",0,2842,15,0,5,3,0,4469,702,214,7,0,185,28,32,0,26,0,0,0,0,7,47,0,45,0,0,84,0,0,4,8,0,0,0,0,17,12,6,1009,9778,
"Armidale",4,6914,48,14,0,41,7,9444,1514,539,43,0,200,59,90,4,413,0,3,168,0,118,170,0,339,58,0,885,7,12,51,41,5,0,0,41,124,228,73,2317,23967,
"Armidale Surrounds - North",0,1506,11,24,0,38,0,1984,236,63,9,0,17,8,17,0,4,0,0,0,0,11,7,0,28,7,0,6,0,0,8,0,0,0,0,0,0,5,0,538,4527,
"Armidale Surrounds - South",0,2087,14,0,0,0,0,2700,415,155,7,0,33,11,14,0,5,0,0,0,0,18,7,0,29,13,0,4,0,0,3,8,0,0,0,0,4,3,11,341,5894,
"Walcha",0,1108,8,0,0,4,0,1393,188,66,0,0,27,7,0,0,0,0,0,0,0,0,4,0,6,0,0,4,0,0,8,0,0,0,0,0,3,0,0,310,3144,
"Glen Innes",0,2852,8,3,0,5,0,4016,509,183,25,0,56,15,25,0,9,0,0,0,0,7,28,0,45,7,0,75,0,0,6,0,0,0,0,0,10,9,0,1019,8931,
"Inverell",0,4469,17,7,0,94,0,5040,560,206,12,0,110,15,28,0,18,0,0,0,0,50,134,0,91,20,0,55,0,0,9,31,0,0,0,7,6,25,11,1050,12057,
"Inverell Surrounds - East",0,1939,5,0,0,0,0,2136,254,123,3,0,65,8,17,0,0,0,0,0,0,0,14,0,13,0,0,4,0,0,24,9,0,0,0,0,0,0,0,584,5200,
"Inverell Surrounds - West",0,2109,13,3,0,4,0,2529,326,101,9,0,30,5,8,0,0,0,0,0,0,0,3,0,15,0,0,8,0,0,4,0,0,0,0,0,0,3,6,547,5734,
"Tenterfield",10,2094,16,3,0,4,0,3008,538,216,11,0,93,15,24,0,8,0,0,0,0,5,24,0,16,9,0,32,0,0,8,0,0,0,0,0,13,4,5,649,6810,
"Moree",0,3213,7,0,0,25,0,2381,323,83,8,0,39,48,16,0,26,0,0,5,0,26,47,0,57,5,0,93,0,0,3,4,0,0,0,0,15,9,12,1410,7845,
"Moree Surrounds",0,1716,4,0,0,4,0,1783,304,103,0,0,15,4,3,0,0,0,0,0,0,4,23,0,9,6,0,4,0,0,0,3,0,0,0,0,17,0,0,1323,5356,
"Narrabri",0,3034,14,8,0,8,0,2625,333,87,4,0,25,9,11,0,0,0,0,0,0,8,50,0,36,6,0,52,3,0,3,0,0,0,0,3,7,3,7,559,6898,
"Narrabri Surrounds",0,1794,10,0,0,4,0,1698,264,71,4,0,21,13,12,0,0,0,0,0,0,0,14,0,10,9,0,7,0,0,10,0,0,0,0,0,3,13,0,672,4616,
"Gunnedah",0,4008,21,8,0,30,0,3745,485,135,8,0,65,10,27,0,5,0,0,3,0,10,89,0,54,16,0,46,0,0,5,8,0,0,4,0,24,5,12,921,9745,
"Gunnedah Surrounds",0,1735,4,4,0,0,0,1800,231,48,4,0,16,10,0,0,0,0,0,0,0,0,11,0,16,3,0,11,0,0,0,0,4,0,0,0,8,0,0,455,4369,
"Quirindi",0,2948,10,0,0,0,0,3080,341,104,3,0,41,14,14,0,9,0,0,3,0,6,17,0,33,6,0,45,0,0,0,0,0,0,0,0,0,0,13,870,7551,
"Tamworth - East",0,8248,51,0,0,43,0,8707,1116,351,22,0,184,34,38,3,19,3,0,15,0,194,152,0,317,21,0,267,3,5,15,14,0,0,0,8,39,24,25,1436,21360,
"Tamworth - North",0,5612,19,5,0,14,0,6645,1004,279,28,0,133,30,31,4,66,0,4,21,0,194,183,0,222,21,0,636,0,0,18,3,3,0,0,18,39,20,42,1213,16517,
"Tamworth - West",8,2684,25,0,0,17,0,1848,160,59,0,0,38,0,11,0,0,0,0,0,0,57,187,0,67,0,0,29,0,0,0,0,0,0,0,0,17,8,0,758,5998,
"Tamworth Surrounds",0,7105,19,0,0,0,0,8799,975,380,9,0,129,33,43,0,18,5,0,12,0,13,39,0,61,3,0,81,0,0,16,3,0,0,0,0,29,18,4,1239,19038,
"Belmont - Bennetts Green",0,5651,43,0,0,18,0,8916,999,413,21,0,275,105,129,0,24,0,8,16,0,40,68,0,166,20,0,121,3,0,30,18,3,0,0,11,40,12,20,696,17864,
"Belmont South - Blacksmiths",0,1904,12,0,0,8,0,2779,324,114,8,0,58,25,38,0,0,0,0,0,0,17,29,0,24,3,0,16,0,0,0,4,0,0,0,0,8,3,3,285,5680,
"Charlestown - Dudley",5,7749,55,4,0,82,0,11782,1615,580,47,0,530,417,196,7,33,0,3,26,0,83,119,0,357,85,0,291,9,0,41,50,3,0,0,6,47,25,32,965,25254,
"Glendale - Cardiff - Hillsborough",0,7808,43,6,0,104,0,11411,1457,622,35,5,410,289,289,3,61,4,0,49,0,115,157,0,266,39,0,264,5,0,24,37,7,6,0,6,41,24,27,965,24588,
"Mount Hutton - Windale",0,3306,16,0,0,27,0,4232,446,191,9,0,125,70,66,0,15,0,4,3,0,39,48,0,69,29,0,66,0,0,3,17,0,0,0,12,21,9,0,670,9504,
"Redhead",0,1160,3,0,0,4,0,1879,191,116,5,0,63,35,13,0,12,0,0,0,0,0,8,0,20,4,0,3,0,0,4,4,0,0,0,0,10,3,4,237,3785,
"Swansea - Caves Beach",0,3825,52,0,0,13,0,6294,718,318,29,0,253,80,103,0,24,0,0,15,0,27,75,0,70,21,0,40,4,0,7,17,0,4,0,0,28,17,14,515,12559,
"Valentine - Eleebana",0,3673,24,0,0,16,0,6568,713,364,10,0,164,121,112,0,26,0,0,17,0,25,31,0,134,24,0,92,0,7,19,15,0,3,0,5,54,4,12,322,12568,
"Warners Bay - Boolaroo",0,4299,29,9,3,26,0,7235,840,396,25,0,285,184,154,0,37,5,0,9,0,44,65,0,153,23,0,207,4,3,17,22,3,0,0,0,39,14,16,552,14694,
"Bolton Point - Teralba",0,3329,33,0,0,48,0,4671,529,259,12,0,114,57,79,0,7,0,10,7,0,42,29,0,57,9,0,78,0,0,11,3,4,5,0,0,32,8,6,698,10135,
"Bonnells Bay - Silverwater",0,3069,21,0,0,28,0,4743,486,276,21,0,170,65,72,0,22,0,0,5,0,16,40,0,68,10,0,49,10,0,16,22,0,6,0,0,40,16,17,402,9691,
"Edgeworth - Cameron Park",5,5449,30,3,0,81,0,7055,651,348,13,0,210,160,125,0,43,0,13,34,0,70,149,0,229,53,0,707,8,3,12,21,6,0,0,19,74,27,48,737,16375,
"Morisset - Cooranbong",0,5503,84,9,0,130,0,8729,875,434,43,0,363,115,102,0,42,5,3,17,0,49,106,0,85,38,0,122,9,0,25,32,6,5,0,3,93,27,20,1029,18129,
"Toronto - Awaba",0,4406,41,3,0,41,0,6924,747,349,23,0,175,75,116,4,9,0,0,5,0,52,68,0,102,15,0,53,5,0,18,26,0,0,0,0,35,17,17,639,13961,
"Wangi Wangi - Rathmines",0,2843,26,0,0,12,0,4826,520,272,29,0,120,64,63,0,12,0,0,9,0,39,28,0,74,12,0,16,4,0,14,11,4,4,0,0,23,12,4,433,9467,
"West Wallsend - Barnsley - Killingworth",0,2649,10,0,0,14,0,3513,333,166,9,0,75,34,59,3,3,4,0,3,0,11,28,0,14,0,0,31,0,0,8,0,0,3,0,0,8,12,5,261,7254,
"Adamstown - Kotara",0,4736,40,0,0,14,0,7793,1183,364,26,0,440,472,124,4,39,0,3,18,0,67,90,0,250,68,0,208,3,7,22,30,6,4,0,4,33,20,15,528,16600,
"Beresfield - Hexham",0,3133,27,0,0,59,0,3857,360,193,5,0,92,26,47,0,8,4,0,0,0,42,66,0,134,0,0,45,0,0,5,9,5,0,0,0,7,9,5,420,8561,
"Hamilton - Broadmeadow",0,3192,34,0,0,23,0,5495,1002,281,30,0,427,503,99,0,30,0,0,24,0,68,62,0,176,56,0,210,5,0,10,30,5,6,0,9,31,19,21,916,12772,
"Lambton - New Lambton",0,4882,45,0,0,27,0,8099,1184,387,27,0,345,382,154,7,46,0,9,26,0,61,104,0,257,66,0,355,29,5,23,28,5,0,0,18,31,15,35,688,17343,
"Maryland - Fletcher - Minmi",0,4991,47,20,0,39,0,6608,658,304,21,0,259,276,143,21,223,0,14,56,0,116,227,0,384,99,0,1026,29,0,12,32,5,0,0,38,83,25,95,570,16429,
"Mayfield - Warabrook",0,4238,59,13,0,98,0,6914,1084,381,17,0,313,322,153,5,34,0,5,14,0,158,160,0,238,61,0,213,11,7,20,26,7,3,0,31,39,34,29,849,15526,
"Merewether - The Junction",0,3829,23,0,0,21,0,7134,1164,346,45,6,399,288,126,3,31,6,0,24,0,43,61,0,159,48,0,147,0,0,25,31,0,10,0,3,33,14,9,474,14506,
"Newcastle - Cooks Hill",0,2699,28,0,0,13,0,6284,1055,365,74,0,288,168,148,12,77,7,10,46,0,60,102,0,209,59,0,215,0,4,49,61,8,4,0,0,46,17,31,655,12805,
"Newcastle Port - Kooragang",0,7,0,0,0,0,0,17,0,0,0,0,0,0,0,0,0,0,0,0,0,0,0,0,0,0,0,0,0,0,0,0,0,0,0,0,0,0,0,5,31,
"Shortland - Jesmond",0,3020,27,5,0,55,0,4464,566,184,14,0,165,129,49,9,189,0,11,71,0,142,158,0,569,68,0,650,221,6,13,26,0,0,0,102,95,45,101,1430,12593,
"Stockton - Fullerton Cove",0,2615,17,0,0,17,0,4258,567,198,15,0,97,57,66,0,6,0,0,6,0,29,51,0,57,15,0,35,0,0,26,13,3,0,0,0,34,12,16,614,8824,
"Wallsend - Elermore Vale",0,6034,41,3,0,54,0,9039,1120,411,19,0,363,550,259,6,164,0,10,51,0,115,218,0,409,113,0,516,64,13,20,34,11,5,0,39,61,68,92,1040,20958,
"Waratah - North Lambton",0,3528,29,0,0,54,0,5438,817,262,19,3,284,267,132,3,66,5,10,20,0,110,108,0,202,40,0,268,33,3,13,24,3,0,0,27,43,15,41,1014,12883,
"Wickham - Carrington - Tighes Hill",0,2427,22,3,0,28,0,4426,735,237,27,0,221,112,71,0,10,0,3,14,0,29,57,0,77,19,0,115,11,7,17,32,0,4,0,0,25,28,12,389,9171,
"Ballina",0,5275,67,7,0,20,0,8883,1321,465,48,0,383,82,82,0,13,3,0,21,0,80,97,0,102,39,0,177,0,0,38,29,3,4,0,0,21,19,16,1329,18629,
"Ballina Surrounds",0,5374,50,9,0,17,0,9062,1215,513,43,0,410,76,89,4,15,0,0,0,0,64,58,0,118,30,0,97,0,0,29,56,0,5,0,4,49,32,26,875,18327,
"Bangalow",0,1418,23,0,0,6,0,3206,551,277,32,0,191,46,78,0,17,12,0,17,0,16,23,0,33,35,0,44,6,0,14,26,0,0,0,0,20,13,9,824,6958,
"Brunswick Heads - Ocean Shores",0,2018,26,3,0,7,5,4180,767,446,56,0,264,59,140,0,20,13,0,36,0,16,53,0,42,42,0,43,0,3,29,58,5,8,0,5,20,16,8,792,9170,
"Byron Bay",0,1997,34,4,0,0,0,4726,840,627,67,0,634,102,161,0,33,19,0,28,0,50,48,0,69,96,0,56,3,0,45,157,11,3,0,0,25,23,21,1017,10914,
"Evans Head",0,1798,15,0,0,8,0,2583,352,109,4,0,96,9,20,0,5,0,0,0,0,12,17,0,16,3,0,21,0,0,12,5,0,0,0,0,16,6,0,542,5643,
"Lennox Head - Skennars Head",0,2290,36,6,0,3,0,4584,864,308,41,0,215,45,77,0,10,9,0,26,0,18,27,0,50,34,0,29,3,0,25,22,4,0,0,0,18,8,8,469,9236,
"Mullumbimby",0,1792,19,0,0,3,0,3858,674,514,35,0,230,54,133,0,15,33,0,68,0,19,32,0,44,50,0,39,0,0,31,41,0,8,0,0,18,7,10,1180,8896,
"Casino",0,4427,38,0,0,3,0,5319,704,217,8,0,148,26,16,0,4,0,0,0,0,19,101,0,40,3,0,46,5,0,13,0,0,0,0,0,12,8,6,1133,12298,
"Casino Surrounds",0,2477,16,16,0,8,0,3141,432,176,6,0,121,15,12,0,7,3,0,0,0,5,44,0,17,6,0,12,0,0,4,0,0,0,0,0,8,10,0,873,7381,
"Goonellabah",0,4363,33,0,0,19,0,6011,902,286,22,0,383,58,61,4,44,3,19,10,0,54,104,0,91,31,0,169,5,0,29,15,0,0,0,4,31,13,14,815,13591,
"Kyogle",0,2350,16,3,0,6,0,3420,520,198,30,0,93,27,35,0,4,4,0,7,0,16,28,0,22,5,0,50,0,0,15,11,0,0,0,0,8,10,6,737,7611,
"Lismore",0,4451,38,12,0,22,0,6799,1169,402,39,0,405,39,44,0,19,0,5,8,0,45,86,0,82,27,0,168,0,4,23,18,0,0,0,9,16,40,22,1230,15229,
"Lismore Surrounds",3,4414,30,8,0,18,0,7139,1170,529,39,0,490,52,86,3,16,5,0,9,0,36,27,0,74,36,0,48,0,0,26,31,3,0,0,0,30,21,3,1439,15786,
"Kingscliff - Fingal Head",0,4051,92,10,0,17,0,7412,1178,394,51,0,238,82,78,4,6,6,0,8,0,20,57,0,74,39,0,62,6,0,26,41,0,10,0,0,33,16,19,795,14818,
"Murwillumbah",0,2603,29,0,0,3,0,4445,749,229,25,0,169,37,46,0,6,3,6,5,0,17,40,0,30,11,0,155,0,0,23,15,0,0,0,0,15,11,9,808,9501,
"Murwillumbah Surrounds",0,2829,23,4,0,0,0,4726,651,314,17,0,166,52,70,0,12,5,0,7,0,24,38,0,39,12,0,79,0,0,20,18,0,0,0,0,20,13,6,1196,10352,
"Pottsville",0,3789,47,3,0,28,0,6817,1083,392,30,0,250,53,80,0,12,0,0,20,0,29,48,0,68,44,0,31,3,6,18,24,8,4,0,0,34,14,15,1124,14086,
"Tweed Heads",0,5193,145,9,0,38,3,9588,1423,546,69,0,531,129,153,6,21,3,0,18,0,64,187,0,149,111,0,171,3,4,35,144,0,0,0,9,54,23,23,1727,20563,
"Banora Point",0,4569,72,0,0,31,0,8056,1114,401,29,0,359,72,98,0,15,0,0,16,0,61,142,0,118,38,0,114,4,0,17,25,0,0,0,3,17,21,31,887,16320,
"Terranora - North Tumbulgum",0,929,17,0,0,0,0,1683,248,97,7,0,70,10,32,0,3,0,0,0,0,4,10,0,14,3,0,30,0,0,4,7,0,0,0,4,4,0,0,144,3324,
"Tweed Heads South",0,2404,44,3,0,9,0,4012,487,220,13,0,158,41,45,0,9,0,0,3,0,49,91,0,83,20,0,153,3,0,22,19,0,3,0,0,13,9,9,489,8423,
"Griffith (NSW)",22,3954,75,29,7,838,0,5644,774,219,14,0,3874,42,37,0,44,0,3,124,0,37,512,0,306,21,0,2101,99,0,14,40,7,0,0,14,104,50,53,1507,20569,
"Griffith Surrounds",3,3387,30,0,0,89,0,4451,598,192,5,3,1794,11,22,0,34,0,0,9,0,15,160,0,54,29,0,241,0,0,4,14,0,0,0,5,49,4,19,1505,12760,
"Leeton",0,2955,20,8,0,64,0,4040,639,181,4,0,840,26,18,0,8,0,0,0,0,30,182,0,162,8,0,231,22,0,0,8,5,0,0,4,50,13,4,789,10330,
"Narrandera",3,2184,7,0,0,8,0,2359,380,106,9,0,84,9,16,0,10,0,0,4,0,13,28,0,21,0,0,44,0,6,0,0,6,0,0,9,3,0,3,582,5905,
"Tumbarumba",0,1106,6,7,0,0,0,1529,177,110,3,0,45,15,31,0,0,0,0,3,0,10,4,0,15,0,0,15,0,0,7,0,0,0,0,0,9,4,0,409,3522,
"Tumut",0,2366,24,0,0,12,0,2835,347,182,14,0,47,19,26,4,7,0,0,6,0,11,62,0,40,7,0,70,0,0,6,6,0,0,0,0,48,0,9,511,6667,
"Tumut Surrounds",0,1602,13,0,0,4,0,2034,296,108,25,0,33,31,27,0,0,0,0,6,0,30,9,0,34,4,0,11,0,0,5,0,0,0,0,0,22,3,0,449,4744,
"Cootamundra",0,2667,18,0,0,23,0,3591,521,146,14,0,41,13,23,0,0,0,0,4,0,15,35,0,32,0,0,32,5,0,7,5,3,0,0,0,6,8,6,511,7705,
"Gundagai",0,1223,9,0,0,15,0,1619,220,43,3,0,22,16,9,0,8,0,0,0,0,0,19,0,86,0,0,19,0,0,0,0,0,0,0,0,6,3,0,400,3715,
"Junee",0,1881,19,4,0,36,0,2416,404,101,5,0,38,8,9,0,6,0,0,0,0,13,43,0,112,4,0,12,0,0,9,0,0,0,0,0,11,3,0,1204,6351,
"Temora",0,2170,8,0,0,6,0,3042,464,247,8,0,45,23,9,0,6,0,0,0,0,17,43,0,26,3,0,33,0,0,12,4,0,0,0,0,5,7,7,418,6603,
"Wagga Wagga - East",0,5359,35,0,0,55,0,7537,1288,409,25,0,195,99,55,3,155,0,31,41,0,57,107,0,167,42,0,362,3,0,11,5,3,0,0,12,32,6,33,773,16921,
"Wagga Wagga - North",0,1659,4,0,0,46,0,2323,337,133,4,0,70,18,13,0,44,0,0,33,0,32,62,0,104,9,0,318,8,0,3,0,0,0,0,10,30,8,6,338,5605,
"Wagga Wagga - South",5,6985,41,7,0,69,0,9384,1523,490,31,0,306,90,56,13,464,0,39,157,0,293,177,0,212,17,0,500,58,3,7,13,9,3,0,55,110,49,88,1262,22522,
"Wagga Wagga - West",3,3618,23,7,0,49,0,4919,854,253,12,0,142,47,40,0,166,0,23,31,0,104,73,0,123,17,0,407,18,0,13,12,5,0,0,32,41,28,26,869,11962,
"Wagga Wagga Surrounds",0,5835,19,0,0,12,0,7741,1211,473,20,0,201,54,55,3,34,0,19,26,0,42,74,0,78,25,0,324,0,0,22,20,4,0,0,12,41,16,31,1404,17788,
"Berry - Kangaroo Valley",0,2449,17,7,0,7,0,5023,679,299,26,0,157,56,65,0,14,3,0,4,0,6,14,0,54,16,0,28,0,0,18,17,8,0,0,0,24,0,11,488,9489,
"Callala Bay - Currarong",0,977,11,0,0,0,0,1765,264,106,12,0,125,85,36,0,10,3,0,0,0,8,24,0,18,0,0,7,0,0,0,17,0,0,0,0,8,0,0,160,3642,
"Culburra Beach",0,1616,7,4,0,0,0,2487,295,125,7,0,119,49,43,0,0,0,0,3,0,14,22,0,48,6,0,12,0,0,12,4,0,0,0,0,0,5,5,205,5105,
"Ettrema - Sassafras - Budawang",0,12,0,0,0,0,0,39,4,0,0,0,0,0,0,0,0,0,0,0,0,0,0,0,0,0,0,0,0,0,0,0,0,0,0,0,0,0,0,3,62,
"Huskisson - Vincentia",0,1241,13,0,0,10,0,2311,294,126,22,0,175,127,83,5,8,0,0,9,0,16,22,0,40,3,0,32,7,0,18,23,0,0,0,0,10,3,10,244,4844,
"North Nowra - Bomaderry",0,4993,48,3,0,13,0,7592,857,410,25,7,290,94,122,0,28,6,5,37,0,59,121,0,131,31,0,203,6,0,19,30,9,0,0,0,46,23,20,874,16098,
"Nowra",0,7477,59,0,0,21,0,8920,1051,447,38,0,445,145,113,0,39,0,0,18,0,98,196,0,161,100,0,533,6,0,12,48,3,3,0,8,56,39,16,2514,22584,
"St Georges Basin - Erowal Bay",0,4722,43,0,0,13,0,7089,844,421,42,0,348,244,167,0,19,0,0,7,0,26,98,0,57,19,0,28,0,0,20,51,3,0,0,6,21,12,12,953,15259,
"Sussex Inlet - Berrara",0,1390,14,0,0,8,0,2285,258,121,10,0,73,44,36,0,9,0,0,0,0,10,8,0,24,7,0,26,0,0,3,4,0,0,0,0,8,0,0,359,4694,
"Tomerong - Wandandian - Woollamia",0,1165,7,0,0,0,0,1716,169,116,8,0,94,51,28,0,3,0,0,4,0,4,12,0,26,3,0,3,0,0,3,13,0,0,0,0,0,7,0,271,3708,
"Ulladulla",0,4871,44,0,0,6,0,8355,1040,374,43,0,501,150,118,0,18,3,3,16,0,61,89,0,102,28,0,58,0,0,29,34,4,0,0,0,22,8,13,1031,17026,
"Ulladulla Surrounds",0,1671,10,0,0,0,0,2828,406,197,29,0,97,28,58,0,5,0,0,0,0,8,20,0,23,0,0,11,0,0,6,5,0,0,0,0,9,8,4,392,5822,
"Bowral",0,2875,31,0,0,14,0,6993,1036,421,43,0,358,204,190,0,50,7,0,30,0,36,47,0,128,32,0,254,9,0,27,30,0,3,0,0,61,26,17,709,13626,
"Hill Top - Colo Vale",0,1864,7,0,0,5,0,3194,361,181,13,0,195,89,83,4,25,0,0,7,0,11,22,0,32,0,0,22,0,0,3,21,0,0,0,0,15,14,0,229,6393,
"Mittagong",0,2649,26,0,0,19,0,5080,747,326,15,6,311,143,134,0,31,0,3,25,0,49,73,0,119,22,0,513,3,5,22,16,7,0,0,0,34,20,26,494,10931,
"Moss Vale - Berrima",0,2760,37,0,3,11,0,5105,645,251,19,0,279,85,78,0,17,0,0,26,0,46,121,0,159,18,0,209,3,0,11,19,3,4,0,3,35,12,12,667,10648,
"Robertson - Fitzroy Falls",0,956,5,0,0,4,0,1917,307,112,18,0,93,52,32,5,11,0,0,4,0,7,3,0,11,0,0,9,0,0,11,6,0,0,0,0,11,4,6,239,3829,
"Southern Highlands",0,1891,7,0,3,10,0,3526,534,231,25,0,213,100,70,0,38,0,0,6,0,7,22,0,44,11,0,31,0,4,11,23,0,5,0,0,18,4,10,404,7250,
"Baulkham Hills - East",0,3589,69,0,0,51,0,5929,963,405,24,6,738,567,354,21,643,15,6,673,10,239,434,0,4281,912,0,3395,94,5,40,150,12,4,0,16,140,40,119,779,24726,
"Baulkham Hills (West) - Bella Vista",0,2836,37,4,0,53,0,4796,712,348,46,3,897,556,285,20,583,0,4,402,5,195,478,0,3715,389,0,4113,146,7,35,108,20,4,0,11,124,25,65,655,21683,
"Glenhaven",0,1238,14,0,0,11,0,2706,338,174,17,0,432,136,92,3,176,0,0,78,0,20,61,0,310,70,0,223,21,0,5,21,0,0,0,0,42,14,3,156,6361,
"West Pennant Hills",0,1584,36,0,0,20,0,3126,467,218,14,0,511,218,163,14,318,0,0,219,0,119,138,0,3215,327,0,1448,48,6,21,57,6,0,0,0,88,13,22,271,12683,
"Castle Hill - Central",0,933,17,0,0,17,0,1810,291,156,18,0,277,140,132,11,193,5,0,192,0,99,111,0,1478,350,0,913,29,7,16,72,12,0,0,5,68,17,30,266,7677,
"Castle Hill - East",0,722,8,0,0,4,0,1470,157,77,3,0,205,77,61,0,117,0,0,70,0,35,71,0,1225,112,0,690,31,7,7,18,5,4,0,4,28,5,0,458,5670,
"Castle Hill - North",0,1685,24,0,0,16,0,3047,554,252,19,0,542,265,211,5,367,4,4,293,0,140,235,0,2289,409,0,1124,70,4,21,74,5,9,0,0,138,24,17,351,12189,
"Castle Hill - South",0,1372,45,0,0,12,0,2459,437,178,22,0,402,209,142,19,199,8,0,321,0,132,198,0,2042,419,0,1192,46,3,24,80,10,0,0,5,65,19,15,332,10419,
"Castle Hill - West",0,614,4,0,0,10,0,981,176,84,17,0,269,139,60,15,153,0,6,130,0,43,197,0,929,158,0,935,37,6,0,15,4,6,0,3,49,14,28,106,5183,
"Cherrybrook",0,1989,37,0,0,24,0,4169,556,299,25,0,451,240,249,11,257,6,0,402,0,97,298,0,4690,610,0,3553,100,7,10,74,0,10,0,5,239,28,28,601,19082,
"Kellyville - East",0,2811,39,4,0,106,0,4561,709,380,20,0,1033,363,224,34,534,0,15,413,0,139,459,0,2214,378,0,2244,148,12,23,148,10,8,0,19,208,26,47,362,17709,
"Kellyville - West",6,1250,36,0,0,67,0,2042,265,160,17,9,501,223,79,35,306,0,0,317,0,75,395,0,1655,323,0,2711,101,0,21,82,16,5,0,29,111,19,31,488,11375,
"Dural - Kenthurst - Wisemans Ferry",0,4622,50,3,0,37,0,8298,1165,515,54,5,1899,536,284,10,1077,3,0,207,6,85,163,0,1256,167,0,833,64,6,33,82,7,0,0,0,143,35,43,788,22479,
"Galston - Laughtondale",0,1217,14,0,0,10,0,2520,298,183,9,0,355,77,84,3,149,0,0,11,0,11,32,0,111,16,0,34,7,0,3,11,0,0,0,0,23,0,6,238,5436,
"Bilpin - Colo - St Albans",0,816,10,0,0,0,0,1228,160,106,7,0,85,23,38,0,12,0,0,0,0,9,14,0,22,3,0,8,5,0,3,0,0,0,0,0,12,0,0,267,2846,
"Kurrajong Heights - Ebenezer",0,6753,44,0,0,33,0,9922,1161,692,43,0,1611,218,202,5,92,0,0,28,0,25,87,0,160,40,0,92,12,0,29,57,6,5,0,3,63,20,12,762,22161,
"Pitt Town - McGraths Hill",0,3280,36,5,0,17,3,4702,585,300,12,0,1138,139,106,3,133,0,0,21,0,8,39,0,161,11,0,104,36,0,6,27,0,3,0,0,28,13,14,472,11414,
"Box Hill - Nelson",0,1650,38,0,0,30,0,2138,315,128,7,0,649,175,74,28,170,4,6,172,10,46,702,0,450,135,0,2509,86,5,16,84,0,0,0,44,130,40,87,353,10287,
"North Kellyville",0,2506,46,0,0,64,0,3489,405,218,27,6,910,297,161,57,572,8,0,537,4,87,677,0,1799,293,0,3654,250,9,17,104,9,4,0,54,235,37,87,776,17401,
"Rouse Hill - Beaumont Hills",0,2931,61,3,0,69,0,4579,594,338,24,0,947,357,183,24,442,0,13,485,8,109,878,0,1832,234,0,2297,143,15,28,114,13,7,0,63,303,15,84,389,17581,
"Blacktown (East) - Kings Park",0,2192,111,7,0,298,0,2792,402,193,12,3,495,424,164,9,450,6,123,229,6,150,882,0,784,160,0,5105,221,0,9,67,14,0,0,60,70,68,141,1390,17032,
"Blacktown (North) - Marayong",12,3033,156,0,0,457,0,3582,520,262,13,0,771,358,366,18,530,0,144,290,8,206,1668,0,886,337,0,4883,236,3,6,112,17,4,0,37,93,32,159,1379,20584,
"Doonside - Woodcroft",33,3001,194,5,0,826,0,3226,372,256,16,0,700,525,267,33,738,0,233,336,17,263,3620,0,851,101,0,5320,372,19,18,81,20,0,0,101,136,47,175,1481,23384,
"Lalor Park - Kings Langley",7,5035,232,6,0,298,0,7220,1020,498,46,3,1017,593,383,29,691,4,51,322,0,219,847,0,1416,371,0,2938,134,5,37,185,7,4,0,25,146,37,76,1450,25373,
"Blacktown - South",10,1633,98,5,0,294,0,2031,280,156,9,0,551,500,105,8,569,0,119,411,0,127,813,0,643,94,0,2882,161,0,5,60,0,0,0,51,70,59,95,807,12646,
"Blacktown - West",20,2323,128,4,0,452,0,2978,366,256,13,0,701,505,157,25,718,0,148,214,0,198,1284,0,760,143,0,3725,290,3,12,100,15,7,0,85,67,42,128,1285,17141,
"Seven Hills - Prospect",3,2081,108,3,0,320,0,2649,380,232,11,0,690,487,134,35,631,0,42,368,0,194,662,0,869,149,0,3575,115,0,17,58,9,3,0,26,81,33,72,830,14866,
"Toongabbie - West",8,1358,52,0,0,200,0,1699,273,126,8,4,424,167,127,14,315,0,57,166,4,125,362,0,627,176,0,4312,57,3,7,46,9,0,0,40,49,37,51,673,11578,
"Glenwood",3,1799,88,0,0,160,0,2514,334,174,18,4,540,301,155,16,347,0,33,199,10,128,913,0,1250,214,0,5545,306,6,18,84,15,0,0,58,146,30,45,379,15829,
"Acacia Gardens",0,561,27,0,0,30,0,696,101,48,6,0,174,77,36,4,73,0,0,55,0,38,221,0,197,34,0,1086,25,3,5,21,0,0,0,26,39,3,16,56,3668,
"Quakers Hill",8,3904,156,5,0,271,0,5227,708,325,28,4,955,326,256,19,356,7,60,304,13,165,1715,0,817,146,0,6977,222,12,39,117,3,5,0,53,206,58,151,1052,24670,
"Kellyville Ridge - The Ponds",9,2958,60,4,0,151,0,3862,547,292,21,0,868,301,179,53,442,4,33,452,3,138,1163,0,1239,197,0,6344,336,17,27,170,6,6,0,47,251,30,108,730,21058,
"Marsden Park - Shanes Park",15,1662,93,0,0,252,0,1857,189,149,4,0,406,107,54,23,241,0,78,155,11,87,2103,0,494,109,0,5998,150,4,19,46,11,5,0,65,151,37,136,830,15524,
"Riverstone",0,2946,114,0,0,145,0,3575,400,207,18,0,717,154,112,0,167,0,28,109,8,63,681,0,482,99,0,2503,85,3,18,76,3,3,0,58,99,20,79,862,13844,
"Schofields (West) - Colebee",0,1180,62,0,0,236,0,1342,200,112,10,0,358,136,66,9,160,0,42,64,5,54,1013,0,527,106,0,3510,71,0,0,60,9,0,0,47,77,12,48,475,10011,
"Schofields - East",13,2526,152,3,0,440,0,3368,435,226,19,0,667,211,163,45,358,0,31,420,40,143,1311,0,1774,241,0,10010,320,13,35,143,12,0,0,91,217,60,258,1378,25130,
"Stanhope Gardens - Parklea",0,1503,73,0,0,176,0,2204,261,162,5,0,393,193,126,22,211,5,18,282,5,74,769,0,891,179,0,3199,195,3,27,76,8,0,0,43,142,26,60,1704,13034,
"Bidwill - Hebersham - Emerton",72,4505,221,0,0,1829,0,4191,384,238,18,0,392,197,114,36,598,0,125,262,0,171,851,0,266,26,0,1154,106,9,12,86,40,0,0,73,87,57,88,2338,18536,
"Glendenning - Dean Park",4,1381,78,0,6,300,0,1463,181,100,0,0,329,174,140,8,273,0,82,129,7,54,1151,0,150,16,0,1592,52,7,3,36,9,3,0,30,82,18,47,471,8374,
"Hassall Grove - Plumpton",16,3128,202,10,0,1125,0,3329,328,228,10,0,607,349,138,34,757,3,216,286,12,261,3909,0,402,34,0,3597,334,18,12,114,25,0,0,104,168,62,202,1385,21414,
"Lethbridge Park - Tregear",49,5415,342,0,0,1643,0,5091,566,284,21,0,477,214,124,38,370,3,200,159,0,151,1087,0,296,18,0,2107,141,3,12,60,23,3,0,104,114,55,140,2253,21551,
"Mount Druitt - Whalan",23,3466,205,12,0,1298,0,3371,326,234,14,0,472,460,147,54,1381,0,217,870,5,275,2295,0,520,53,0,3842,467,5,18,64,18,0,0,137,233,77,258,2095,22918,
"Prospect Reservoir",0,0,0,0,0,0,0,0,0,0,0,0,0,0,0,0,0,0,0,0,0,0,0,0,0,0,0,0,0,0,0,0,0,0,0,0,0,0,0,4,12,
"Rooty Hill - Minchinbury",28,3220,154,11,0,955,0,3455,380,252,17,0,959,484,235,50,792,0,127,501,16,262,3841,0,624,86,4,3566,379,5,26,120,13,0,0,73,180,66,192,1761,22826,
"Banksmeadow",0,24,7,0,0,4,0,90,48,14,0,0,13,28,18,0,3,0,0,10,0,7,15,0,104,5,0,10,0,0,5,4,0,0,0,0,3,0,3,88,508,
"Botany",4,2491,129,0,0,114,0,3649,1067,267,26,0,730,714,341,8,152,20,7,155,0,99,449,0,953,76,0,264,27,16,28,220,7,0,0,18,92,24,45,759,12960,
"Pagewood - Hillsdale - Daceyville",6,2004,89,12,0,112,3,2859,1047,287,17,0,925,883,498,15,255,61,6,491,0,139,508,0,1921,110,0,764,44,13,24,461,14,6,0,11,89,22,40,1015,14762,
"Port Botany Industrial",0,0,0,0,0,0,0,0,0,0,0,0,0,0,0,0,0,0,0,0,0,0,0,0,0,0,0,0,0,0,0,0,0,0,0,0,0,0,0,0,6,
"Sydney Airport",0,0,0,0,0,0,0,0,0,0,0,0,0,0,0,0,0,0,0,0,0,0,0,0,4,0,0,0,0,0,0,0,0,0,0,0,0,0,0,8,19,
"Eastlakes",8,919,53,0,0,104,0,1293,341,94,14,0,643,1045,256,13,206,23,5,484,8,142,469,0,924,82,0,881,54,0,18,176,6,5,0,12,32,27,43,547,8941,
"Mascot",4,1788,112,7,0,144,0,3086,1044,297,13,3,960,965,269,40,287,18,3,319,4,703,1436,0,5497,845,0,1209,59,34,38,773,23,14,0,12,71,51,91,1370,21573,
"Petersham - Stanmore",5,3232,92,0,0,49,0,7343,1830,480,54,4,1403,933,286,9,229,39,0,128,0,379,254,0,964,141,0,447,19,17,67,260,23,10,0,12,46,41,31,1077,19898,
"Sydenham - Tempe - St Peters",0,1387,40,5,0,64,0,2731,603,208,25,0,344,563,107,7,89,10,0,50,0,340,216,0,582,66,0,239,4,0,33,115,7,4,0,4,31,15,32,367,8278,
"Marrickville - North",0,1913,59,0,0,85,3,3861,910,294,21,0,783,984,175,12,256,11,0,90,4,679,159,0,722,87,0,203,12,9,32,148,12,8,0,6,21,23,16,684,12317,
"Marrickville - South",5,2096,55,4,0,82,0,3680,915,287,27,5,728,1421,186,21,569,16,3,135,0,1095,338,0,950,123,0,360,13,11,31,136,8,9,0,17,46,29,52,807,14283,
"Darlinghurst",5,1197,56,0,0,23,0,4001,823,450,49,0,543,236,250,8,98,31,0,86,0,304,189,0,573,151,0,229,11,16,67,194,22,6,0,6,60,37,39,851,10615,
"Erskineville - Alexandria",4,2959,126,0,0,39,0,7143,1509,605,68,0,814,476,417,20,125,31,0,136,5,329,333,0,1682,227,0,499,23,22,98,278,30,14,0,11,105,39,37,918,19126,
"Glebe - Forest Lodge",4,3002,119,3,0,101,0,6770,1435,648,65,5,783,491,410,12,193,25,9,219,4,543,327,0,2205,286,0,631,43,22,75,240,51,19,0,10,66,43,65,1351,20262,
"Potts Point - Woolloomooloo",3,2231,102,3,0,40,0,6796,1468,762,96,9,906,435,482,17,161,45,0,177,4,258,261,0,780,221,0,397,28,25,103,315,37,6,0,3,80,50,76,1788,18187,
"Surry Hills",3,1880,84,5,0,33,0,5237,1138,622,64,3,756,429,389,13,135,43,0,108,0,582,362,0,1398,253,0,449,28,15,105,217,22,14,0,9,83,25,60,1256,15828,
"Camperdown - Darlington",0,1395,47,0,0,17,0,3007,701,253,27,0,305,128,95,10,74,22,0,52,0,107,149,0,893,117,0,294,11,3,27,55,14,0,0,3,30,22,13,458,8332,
"Chippendale",0,566,28,10,0,14,0,1367,263,174,17,0,226,73,104,11,53,7,0,65,3,354,324,0,2646,232,0,336,14,13,17,111,18,6,0,4,26,17,25,689,7803,
"Newtown (NSW)",0,2345,64,0,0,45,0,5756,1378,549,83,0,619,499,248,10,120,48,0,78,0,292,180,0,783,135,0,303,16,5,45,146,17,8,0,8,59,33,24,759,14667,
"Pyrmont",0,1237,49,0,0,35,0,2886,583,364,45,3,681,340,305,14,130,13,4,159,0,476,344,0,2148,402,0,769,40,11,41,336,35,6,3,10,61,40,47,1033,12658,
"Redfern",0,1992,80,3,0,60,3,4304,878,486,43,3,607,463,329,11,211,53,0,103,0,319,251,0,1135,211,0,415,28,14,40,247,34,9,0,14,67,32,52,1167,13670,
"Rosebery - Beaconsfield",0,1262,60,8,0,39,0,2599,899,274,25,9,620,876,385,11,192,47,4,221,0,165,327,0,2414,193,0,406,32,11,40,302,14,0,0,10,47,24,35,755,12290,
"Sydney (North) - Millers Point",0,694,28,17,0,21,0,2019,425,201,35,0,342,191,192,8,118,6,0,110,0,272,267,0,1257,278,0,509,40,10,47,119,28,3,0,4,37,22,27,680,8004,
"Sydney (South) - Haymarket",0,618,30,0,0,27,0,2092,253,253,30,7,430,117,210,13,133,8,0,150,0,3253,1366,0,6958,927,0,714,59,16,36,285,42,4,9,5,37,37,47,1770,19935,
"Ultimo",0,479,11,4,0,11,0,1100,183,153,13,0,229,65,126,3,68,6,0,112,0,629,276,0,2259,251,0,470,15,15,11,231,15,7,0,6,21,27,10,612,7410,
"Waterloo",3,1690,79,5,0,73,0,3860,982,411,48,3,729,350,609,15,201,86,3,176,0,373,329,0,3000,466,0,532,26,15,44,457,20,9,0,15,96,35,70,1537,16379,
"Zetland",0,895,54,0,0,26,0,2524,813,275,54,3,513,218,279,15,145,18,0,187,0,249,283,0,4005,331,0,455,17,25,39,327,32,15,0,4,50,29,44,700,12622,
"Bondi - Tamarama - Bronte",0,2771,115,0,0,29,0,7197,1547,907,97,5,1228,506,950,11,171,316,0,137,0,99,125,0,409,115,0,166,18,12,92,343,35,15,0,7,222,48,81,1275,19055,
"Bondi Beach - North Bondi",4,2955,113,0,0,24,0,7438,1448,1260,155,3,1370,548,1076,19,191,367,0,184,0,57,132,0,341,131,0,172,21,16,117,422,36,12,0,13,473,42,124,1430,20705,
"Bondi Junction - Waverly",5,2281,93,0,0,22,0,5884,1500,699,68,3,1096,514,915,19,137,268,0,152,0,123,218,0,1012,238,0,236,18,12,75,382,24,11,0,4,211,36,90,1372,17720,
"Centennial Park",0,0,0,0,0,0,0,0,0,0,0,0,0,0,0,0,0,0,0,0,0,0,0,0,0,0,0,0,0,0,0,0,0,0,0,0,0,0,0,0,0,
"Dover Heights",0,1606,20,0,0,17,0,2787,447,443,30,0,505,479,1247,37,166,513,0,250,7,33,128,0,469,51,0,98,12,5,48,120,8,0,0,7,859,16,135,579,11122,
"Paddington - Moore Park",0,2371,78,0,0,13,0,6524,1385,561,51,0,606,452,376,9,101,40,3,66,0,120,128,0,467,90,0,178,10,11,58,149,23,4,0,9,64,24,52,767,14793,
"Rose Bay - Vaucluse - Watsons Bay",0,1828,48,0,0,10,0,3913,679,411,46,3,493,620,799,8,144,269,0,147,0,48,73,0,713,78,0,161,11,0,44,68,3,0,0,0,445,26,135,688,11924,
"Woollahra",0,1173,22,0,0,6,0,3062,578,266,35,0,259,221,298,0,68,47,4,55,4,55,50,0,388,55,0,139,4,5,25,46,3,4,0,0,85,5,33,441,7454,
"Bellevue Hill",0,2380,58,3,0,10,0,4720,880,552,40,0,558,529,1122,19,153,389,0,172,0,64,80,0,872,65,0,186,13,4,63,145,19,7,0,6,358,35,135,785,14429,
"Double Bay - Darling Point",0,1488,41,3,0,9,0,3826,738,431,30,0,428,288,562,5,94,77,0,114,0,91,81,0,538,55,0,122,7,4,32,76,12,6,0,5,130,13,65,584,9958,
"Kensington (NSW)",6,1474,43,0,0,25,0,2631,709,294,32,4,521,719,291,14,163,73,4,130,0,261,340,0,2025,167,0,693,22,15,20,227,17,3,0,4,103,10,42,742,11809,
"Kingsford",14,1549,61,0,0,36,0,2641,776,307,25,0,578,1214,338,7,166,60,4,154,3,244,565,0,2749,214,0,700,26,11,24,236,11,7,0,16,74,43,55,704,13605,
"Maroubra - North",0,1352,26,0,0,9,0,2533,665,384,28,0,673,924,330,12,154,86,6,33,0,76,105,0,1168,51,0,130,24,4,27,188,8,5,0,0,116,24,42,603,9790,
"Maroubra - South",7,1718,61,3,0,57,0,3119,897,528,44,0,713,567,528,5,138,84,4,102,0,96,175,0,734,70,0,164,33,11,33,301,16,0,0,3,93,39,32,734,11084,
"Maroubra - West",0,1137,47,0,0,53,0,2002,664,343,13,0,724,726,365,8,134,66,0,80,0,93,288,0,1799,139,0,224,27,9,27,296,5,4,0,4,97,16,49,403,9846,
"Randwick - North",5,2410,76,10,0,30,0,5757,1875,529,47,0,750,522,651,6,127,167,5,127,4,132,230,0,796,135,0,269,18,4,77,210,15,3,0,0,137,20,59,1001,16206,
"Randwick - South",0,1598,57,3,0,33,0,4283,1547,481,47,5,617,457,376,14,96,62,3,95,0,138,239,0,890,87,0,404,13,10,35,195,18,0,0,3,117,10,45,757,12735,
"Coogee - Clovelly",0,2984,94,7,0,22,0,8082,2310,849,93,0,898,656,537,14,180,109,0,135,0,82,116,0,453,94,0,203,13,15,101,241,27,13,0,0,150,16,45,985,19521,
"Malabar - La Perouse",4,1848,56,5,0,24,0,3037,759,380,43,0,508,507,291,3,131,31,0,95,0,48,111,0,665,50,0,142,7,3,24,78,11,4,0,0,39,18,24,1650,10610,
"Matraville - Chifley",8,2583,106,8,0,81,0,3531,1002,354,32,0,953,731,443,6,197,62,0,154,3,107,250,0,1205,68,0,289,54,13,28,176,12,5,0,11,107,15,48,790,13412,
"South Coogee",0,909,15,0,0,17,0,1699,474,174,19,3,272,405,271,0,119,41,0,66,0,37,46,0,395,15,0,53,6,6,20,62,4,0,0,3,75,17,21,360,5611,
"Bass Hill - Georges Hall",16,3290,70,4,0,348,0,3067,358,173,7,0,1154,1427,207,240,6138,0,38,324,0,2025,222,0,950,73,0,350,201,6,7,101,8,0,0,47,94,49,80,2801,23855,
"Chullora",0,116,0,0,0,10,0,90,9,7,3,0,30,44,6,10,238,0,0,21,0,126,43,0,246,114,0,167,9,0,0,8,0,0,0,17,4,7,11,124,1469,
"Condell Park",0,1550,33,4,0,185,0,1227,128,87,3,0,565,913,87,141,3548,0,10,64,0,1461,170,0,619,52,0,334,44,0,8,33,0,0,0,39,38,50,42,1354,12773,
"Padstow",4,2594,109,5,0,157,0,3729,605,200,16,0,744,1482,169,71,1332,0,6,82,6,736,399,0,2495,122,0,772,26,9,33,136,3,0,0,18,92,30,44,959,17200,
"Revesby",7,2694,116,5,4,237,0,3249,536,198,10,0,797,1164,176,111,1930,5,21,100,0,1064,457,0,2191,130,0,979,23,11,23,147,3,0,0,28,125,30,46,1068,17664,
"Yagoona - Birrong",30,2395,86,0,0,378,0,2218,272,152,11,7,533,1255,181,196,5182,0,29,190,3,3292,461,0,1799,160,0,869,109,4,16,99,3,0,0,53,155,86,116,2120,22484,
"Bankstown - North",10,1336,52,0,0,254,0,1161,79,72,0,4,365,830,126,109,2980,8,31,162,16,2216,567,0,1841,166,0,2258,79,5,5,102,6,5,0,127,106,65,205,1636,16981,
"Bankstown - South",8,1357,58,0,3,262,0,1096,77,79,8,8,326,1003,135,138,3061,0,23,116,4,3914,455,0,1800,123,0,1676,73,5,4,96,9,0,0,54,130,56,148,2132,18434,
"Greenacre - North",12,1757,46,0,0,205,0,1269,140,78,4,0,753,480,70,184,4826,0,20,128,0,327,334,0,655,396,0,1215,44,4,10,78,0,0,0,18,82,35,44,1417,14637,
"Greenacre - South",7,1540,18,0,0,133,0,971,69,36,0,0,473,564,77,187,5278,0,20,92,5,416,205,0,579,127,0,986,55,0,3,26,0,0,0,24,75,41,37,1365,13416,
"Panania (North) - Milperra",0,2294,50,0,0,87,0,3113,510,150,17,0,478,706,91,45,1010,5,12,57,0,458,171,0,879,38,0,462,12,3,15,74,5,0,0,13,60,17,27,479,11340,
"Panania (South) - Picnic Point",7,2919,70,3,0,116,0,4357,714,245,27,0,813,1467,167,59,1223,3,11,82,0,607,272,0,1241,48,0,553,22,6,12,118,7,5,0,3,85,20,47,663,15994,
"Belmore - Belfield",9,1878,74,0,0,392,3,1966,350,114,16,0,1592,2484,126,64,2974,5,26,199,3,778,644,0,2175,711,0,1340,62,8,16,231,10,3,0,79,137,40,87,1746,20332,
"Punchbowl",3,2374,47,0,0,365,0,1566,145,117,5,0,666,1042,75,183,6290,0,51,148,8,1374,809,0,1427,81,0,2009,39,6,16,130,4,0,0,83,156,81,123,2109,21544,
"Roselands",0,1640,57,0,0,221,0,1519,268,111,4,7,1031,2230,91,60,2395,0,8,134,4,340,423,0,1698,68,0,848,23,6,10,183,3,3,0,41,58,47,67,959,14577,
"Lakemba",0,1240,37,0,0,187,0,1169,90,58,8,0,246,548,46,76,1645,0,3,63,13,1396,792,0,802,111,0,5907,81,0,3,61,0,6,0,72,156,106,238,1940,17092,
"Wiley Park",5,788,27,0,0,183,0,747,54,31,0,0,176,321,16,70,1404,0,4,75,6,590,476,0,660,58,0,2925,41,0,10,55,3,0,0,55,76,56,136,1101,10135,
"Campsie - North",3,568,25,0,0,134,0,858,115,65,12,0,330,284,40,12,676,0,0,62,7,468,484,0,4531,536,0,1630,15,5,9,66,7,0,0,13,33,16,31,876,11905,
"Campsie - South",6,344,12,0,0,120,5,614,80,39,7,0,201,198,37,11,451,0,0,24,0,450,521,0,2811,236,0,1634,10,7,9,67,0,0,0,0,44,21,46,1075,9059,
"Canterbury - South",5,971,47,3,0,171,0,1451,282,102,8,0,961,1327,95,24,809,3,6,107,3,551,438,0,2328,291,0,690,20,10,16,226,13,3,0,21,49,30,44,1123,12220,
"Earlwood",3,2251,44,3,0,132,0,2994,714,262,29,0,2288,3931,176,27,1356,10,0,174,0,602,251,0,1288,67,0,233,27,0,19,102,14,5,0,13,25,20,42,858,17969,
"Kingsgrove - North",8,657,29,0,0,70,0,691,115,43,5,0,696,1475,44,27,625,0,0,57,0,180,106,0,797,42,0,114,7,5,12,71,0,0,0,10,7,11,20,334,6261,
"Narwee - Beverly Hills",10,1308,115,0,5,201,0,1758,291,94,9,0,722,1289,99,29,854,0,4,46,8,379,495,0,4196,92,0,645,23,10,18,181,8,0,0,25,47,30,42,770,13791,
"Oatley - Hurstville Grove",0,1859,43,3,0,36,0,3297,627,194,5,0,726,1575,111,11,382,0,0,49,0,109,193,0,2420,87,0,318,15,0,15,83,0,0,0,0,30,13,30,374,12594,
"Peakhurst - Lugarno",4,3405,109,0,0,129,4,5252,854,244,31,5,1197,2561,203,13,1270,12,12,100,0,190,261,0,2374,94,0,487,29,12,34,200,9,0,0,13,42,15,36,1042,20220,
"Riverwood",7,944,138,0,0,218,0,1327,211,93,6,0,389,527,101,20,722,0,65,62,0,433,549,0,3680,146,0,797,7,7,8,143,0,0,0,20,50,15,57,849,11606,
"South Hurstville - Blakehurst",7,2114,100,4,0,94,0,3502,543,234,17,5,1215,3360,193,27,1271,3,0,95,0,349,380,0,7388,119,0,2509,21,6,4,198,9,5,0,3,54,45,75,1316,25259,
"Hurstville - Central",0,382,40,0,0,46,0,848,85,38,3,0,143,382,46,11,201,0,0,40,0,176,339,0,5634,148,0,2713,12,0,4,53,0,0,0,4,3,20,43,650,12046,
"Hurstville - North",6,690,60,0,0,78,0,1160,143,62,4,0,417,1179,64,11,605,0,0,17,0,121,259,0,5520,87,0,779,8,3,7,114,0,4,0,0,14,18,15,671,12109,
"Mortdale - Oatley",0,2379,77,0,0,60,0,3936,633,221,26,0,622,1462,169,26,357,6,3,54,4,132,305,0,2432,112,0,780,15,5,23,124,17,0,0,11,61,25,44,610,14715,
"Penshurst",7,796,65,0,0,61,0,1481,249,98,6,0,372,774,76,7,308,3,0,39,0,118,398,0,2231,62,0,1451,11,3,7,97,4,0,0,10,45,19,32,692,9528,
"Kingsgrove (South) - Bardwell Park",3,1381,68,0,0,90,0,1836,346,117,14,0,962,2667,126,37,883,0,3,100,0,353,341,0,2484,84,0,283,10,0,13,163,0,0,0,7,18,16,22,546,12973,
"Kogarah",4,912,50,4,0,91,0,1560,313,126,3,3,613,1420,248,20,344,0,0,83,0,263,695,0,2007,182,0,2512,32,26,8,335,7,3,0,3,32,30,67,1047,13051,
"Kogarah Bay - Carlton - Allawah",12,1570,69,5,0,88,0,2126,407,153,7,0,929,2564,262,21,866,21,4,95,0,215,515,0,3099,142,0,1615,50,12,14,279,5,11,0,11,55,32,53,898,16200,
"Monterey - Brighton-le-Sands - Kyeemagh",0,1574,83,0,0,77,0,2044,443,189,19,0,1195,3334,284,54,1126,19,5,315,3,197,190,0,630,56,0,425,39,10,24,419,6,6,0,10,28,41,47,989,13896,
"Rockdale - Banksia",10,1603,92,0,0,125,0,2289,441,197,20,9,968,2405,338,42,1028,15,8,141,6,535,764,0,2372,243,0,3935,30,11,31,528,15,7,0,9,58,79,115,1399,19853,
"Sans Souci - Ramsgate",3,2329,72,4,0,68,0,3592,712,277,21,0,1306,3718,303,52,951,16,5,189,0,148,210,0,787,43,0,275,36,9,20,302,14,9,0,9,73,29,41,1038,16659,
"Arncliffe - Bardwell Valley",5,1807,54,3,0,124,0,2491,480,192,14,4,860,1527,201,77,2217,0,4,100,3,447,536,0,1860,569,0,656,48,26,30,484,18,4,0,17,43,57,46,1578,16579,
"Bexley - North",4,1108,60,0,0,73,0,1367,274,84,4,0,706,1689,97,49,1642,0,11,91,0,98,225,0,1246,30,0,201,12,5,5,112,10,0,0,6,55,8,20,854,10145,
"Bexley - South",3,1391,98,3,0,121,0,1982,379,144,19,0,746,2411,165,52,1046,4,3,64,10,246,470,0,2692,126,0,2227,27,12,13,216,14,0,0,3,38,42,61,1001,15831,
"Wolli Creek",0,508,24,0,0,20,0,1078,191,136,17,5,370,168,174,11,168,3,0,69,0,518,528,0,3670,716,0,735,15,13,20,628,14,4,0,3,35,34,31,816,10731,
"Concord - Mortlake - Cabarita",0,2692,61,4,0,33,0,5016,1161,334,32,0,4288,1235,305,22,1160,9,10,345,0,290,232,0,3245,542,0,774,61,4,27,147,20,4,0,17,103,26,35,867,23113,
"Drummoyne - Rodd Point",0,2815,57,0,0,30,4,5573,1322,336,41,9,2690,1183,289,31,385,8,5,215,0,243,199,0,1175,129,0,426,59,6,42,156,7,3,0,9,76,23,35,786,18366,
"Five Dock - Abbotsford",9,2676,60,3,0,71,0,5104,1280,382,39,4,4531,1057,379,14,502,6,5,277,3,258,248,0,1857,226,0,431,65,7,28,258,20,12,0,4,81,25,36,980,20933,
"Concord West - North Strathfield",11,1297,36,0,0,35,0,2106,595,169,19,0,1595,495,177,12,348,3,4,132,3,218,366,0,2273,777,0,1215,12,0,17,104,3,4,0,0,56,23,45,708,12842,
"Rhodes",0,410,18,0,0,19,0,935,116,76,9,3,233,89,95,32,271,4,0,212,3,243,341,0,4784,1494,0,1184,29,14,6,169,6,0,0,4,24,26,26,585,11453,
"Balmain",5,2571,88,0,0,26,0,7276,1550,503,73,10,593,368,256,0,123,21,7,57,0,101,99,0,568,95,0,220,23,5,66,80,13,5,0,6,52,23,25,672,15579,
"Lilyfield - Rozelle",5,2411,72,4,0,18,0,5772,1246,373,55,0,852,446,238,7,130,4,0,100,0,128,126,0,565,116,0,275,21,7,37,94,8,0,0,14,60,9,31,598,13824,
"Annandale (NSW)",0,1750,34,3,0,16,0,3801,811,252,28,0,487,281,148,9,113,27,0,57,0,114,98,0,447,50,0,151,8,13,37,76,16,3,0,13,39,16,24,538,9464,
"Leichhardt",0,2985,102,3,0,45,3,6568,1532,476,52,0,1691,613,264,23,173,14,0,120,0,229,219,0,872,143,0,323,14,5,54,155,16,5,0,10,57,30,27,701,17532,
"Canterbury (North) - Ashbury",4,1596,35,0,0,61,0,2455,622,169,16,0,1325,1007,164,19,582,4,0,76,0,437,336,0,1243,400,0,523,18,3,23,206,10,5,0,11,50,19,15,557,11999,
"Croydon Park - Enfield",5,1934,64,5,0,138,0,2865,883,239,15,0,2766,1053,255,27,1285,4,9,141,0,315,363,0,2577,392,0,723,18,9,18,213,24,7,0,25,52,46,26,937,17434,
"Dulwich Hill - Lewisham",7,2823,72,3,0,106,0,5656,1367,412,50,3,1256,1185,302,23,472,15,6,149,0,503,330,0,1095,178,0,464,25,5,42,241,17,8,0,7,68,26,40,992,17948,
"Haberfield - Summer Hill",0,1894,53,0,0,36,0,4119,1053,287,29,0,2393,553,172,9,174,15,0,84,0,173,201,0,930,187,0,336,23,6,30,106,16,0,0,15,34,19,34,548,13520,
"Homebush",4,902,40,0,0,87,0,1867,301,100,14,0,370,251,166,14,311,0,12,148,8,604,592,0,4786,1387,0,6862,42,13,16,175,8,0,0,22,60,73,94,1509,20822,
"Strathfield South",0,349,6,0,0,27,0,426,119,42,0,0,383,167,51,11,247,0,3,27,0,82,78,0,626,194,0,588,3,0,8,33,3,0,0,0,12,4,16,136,3636,
"Ashfield - North",0,1149,43,0,0,36,3,2311,510,181,11,0,614,289,215,12,154,6,0,109,6,342,462,0,2062,226,0,1791,21,4,24,147,8,3,0,17,55,28,41,575,11456,
"Ashfield - South",4,1076,28,3,0,59,0,2633,631,158,27,5,818,567,196,12,332,7,6,69,11,371,419,0,2866,211,0,960,14,9,20,124,5,3,0,5,33,12,23,544,12246,
"Burwood (NSW)",3,518,27,0,0,28,0,1382,198,79,7,4,444,347,116,19,209,3,0,68,3,667,418,0,7628,497,0,2027,10,6,5,95,5,0,0,3,13,24,37,1063,15942,
"Croydon",5,1098,17,0,0,31,0,1853,481,131,13,0,1017,643,180,10,541,3,0,59,0,332,199,0,2997,250,0,507,6,5,15,69,7,0,0,3,10,10,20,474,10993,
"Strathfield - East",0,681,13,0,0,38,0,1338,264,100,6,0,487,382,164,14,561,3,0,66,5,628,284,0,3288,1565,0,5137,16,3,10,112,0,0,0,5,25,58,72,1095,16420,
"Strathfield - West",0,717,12,0,0,27,0,926,256,72,3,0,526,412,118,26,1152,0,0,96,0,334,118,0,2124,427,0,1343,15,6,7,42,0,0,0,0,20,15,27,422,9253,
"Chatswood (West) - Lane Cove North",0,2487,67,4,0,26,0,5447,958,532,51,3,608,411,484,6,169,42,0,381,0,299,517,0,5026,732,0,1359,229,7,45,240,26,3,0,5,128,34,54,902,21294,
"St Leonards - Naremburn",0,1467,47,0,0,11,0,3291,586,289,18,0,412,232,231,11,126,7,0,139,0,159,262,0,2260,609,0,798,56,5,30,126,14,9,0,8,84,29,21,566,11903,
"Artarmon",0,1071,26,0,0,13,0,2135,366,137,16,3,242,104,141,0,81,13,0,96,4,198,240,0,2311,414,0,1127,51,0,34,84,12,0,0,3,40,33,21,407,9406,
"Castle Cove - Northbridge",0,2388,50,3,0,9,0,5058,911,372,47,0,413,341,268,0,84,12,0,90,0,71,82,0,1869,273,0,207,215,0,48,46,6,4,0,3,65,12,23,448,13440,
"Chatswood - East",0,1298,35,0,0,16,4,2839,484,206,39,8,422,272,161,15,104,5,0,177,4,331,567,0,8385,1710,0,1184,168,3,25,84,18,4,0,3,55,18,59,883,19601,
"Greenwich - Riverview",0,2256,51,0,0,18,0,4752,1134,348,37,0,490,295,225,11,73,24,0,141,0,122,125,0,1402,183,0,534,37,0,30,79,19,3,0,3,67,8,39,408,12928,
"Lane Cove",0,2384,55,0,0,19,0,5017,1052,403,49,7,635,426,352,14,161,17,0,354,0,163,285,0,2064,360,0,914,130,25,40,208,17,3,0,6,126,28,57,542,15888,
"Willoughby",0,2260,33,0,0,17,0,4262,858,299,35,0,531,503,162,15,112,9,0,113,0,133,203,0,1917,313,0,288,311,4,26,72,6,0,0,6,59,10,19,422,12996,
"Asquith - Mount Colah",0,4028,56,9,0,96,0,7760,1066,528,53,3,657,180,386,17,126,22,0,534,9,219,583,0,2114,458,0,2001,62,11,45,137,9,7,0,13,125,33,83,596,22057,
"Berowra - Brooklyn - Cowan",0,2795,39,0,0,12,0,5807,743,369,58,3,279,101,185,4,54,10,0,91,0,72,136,0,327,74,0,251,26,3,20,49,0,0,0,0,59,16,5,213,11790,
"Normanhurst - Thornleigh - Westleigh",0,3496,76,4,0,23,0,6637,963,441,54,0,487,220,327,17,478,6,5,294,0,146,341,0,2473,471,0,1258,31,10,40,127,13,14,0,7,122,32,55,488,19158,
"Hornsby - East",0,1017,39,0,0,48,0,2022,294,145,22,0,241,97,273,22,57,6,3,295,3,202,587,0,2727,609,0,2329,67,9,21,108,6,3,0,17,57,37,83,512,11943,
"Hornsby - West",4,1621,25,4,0,28,0,3093,435,253,27,0,287,74,236,0,76,3,0,155,4,132,166,0,2304,397,0,676,58,12,11,62,0,0,0,11,54,19,18,377,10629,
"Wahroonga (West) - Waitara",0,1133,13,4,0,16,0,2286,336,168,15,0,178,84,202,10,59,18,0,364,8,136,430,0,2825,541,0,2148,32,0,15,95,0,4,0,10,77,27,48,592,11877,
"Gordon - Killara",0,2427,49,0,0,18,0,5600,761,458,60,0,331,267,396,4,122,53,9,462,0,220,259,0,7610,1153,0,1032,49,15,35,88,12,5,0,9,153,22,52,697,22433,
"Lindfield - Roseville",0,3549,70,0,0,11,0,7934,1223,549,70,0,525,340,373,11,101,30,0,210,0,194,270,0,6317,840,0,792,161,6,61,79,15,4,0,0,147,21,46,663,24599,
"Pymble",0,2633,43,3,0,12,0,5435,921,332,47,0,354,205,278,13,70,25,0,288,0,127,138,0,3839,563,0,999,75,5,44,79,8,0,0,12,195,17,26,422,17221,
"St Ives",0,2868,60,3,0,13,0,7022,796,625,56,0,575,271,532,27,127,168,0,573,4,92,120,0,4495,607,0,883,102,11,57,105,19,3,0,3,813,19,79,533,21665,
"Turramurra",3,3354,42,0,0,3,0,8057,1061,505,61,0,464,235,346,5,105,27,0,292,0,89,145,0,2949,572,0,914,56,3,27,100,11,3,0,0,208,22,22,560,20251,
"Wahroonga (East) - Warrawee",0,2878,38,8,0,33,0,6723,926,456,51,0,393,239,279,12,102,15,0,303,0,117,162,0,2883,448,0,1125,30,0,41,85,0,0,0,11,249,33,25,515,18191,
"Cremorne - Cammeray",0,2946,79,0,0,19,5,7941,1399,632,84,3,726,409,494,11,83,21,4,183,5,156,188,0,1425,342,0,492,42,13,81,210,14,5,0,9,135,26,47,669,18905,
"Crows Nest - Waverton",0,2582,92,0,0,21,6,6537,1263,620,78,0,642,269,464,18,93,39,0,161,3,181,303,0,2044,421,0,845,41,16,51,220,23,13,0,10,149,28,46,644,17916,
"Neutral Bay - Kirribilli",0,2400,61,0,0,19,0,6857,1280,600,70,7,654,299,446,11,114,31,0,156,0,209,262,0,1238,305,0,630,37,26,81,181,20,7,0,0,129,39,37,970,17183,
"North Sydney - Lavender Bay",0,1360,37,3,0,20,0,3993,799,392,71,4,428,213,276,12,85,11,4,175,0,176,242,0,1733,356,0,832,15,0,43,174,24,7,0,3,85,30,30,796,12441,
"Mosman - North",0,2165,53,0,0,16,0,5960,1001,472,87,5,583,349,331,6,97,5,0,96,0,78,127,0,966,136,0,301,43,3,57,151,20,0,0,0,72,19,20,538,13763,
"Mosman - South",3,2388,50,0,0,9,0,6975,1209,567,73,4,483,366,313,3,53,12,0,70,11,73,90,0,622,134,0,248,14,4,66,100,17,7,0,0,92,12,27,469,14565,
"Balgowlah - Clontarf - Seaforth",5,3694,111,0,0,35,0,10161,1552,727,131,6,834,521,271,4,86,20,0,108,0,94,85,0,819,148,0,205,66,8,89,134,20,0,0,4,159,26,38,567,20732,
"Manly - Fairlight",4,3553,118,0,0,24,0,10888,1866,1241,215,0,1068,319,468,4,71,10,0,43,0,81,106,0,325,126,0,142,22,10,191,329,22,10,0,5,135,35,47,998,22438,
"Avalon - Palm Beach",0,2661,45,0,0,3,0,7235,1004,502,76,0,290,118,143,0,23,4,0,24,3,38,38,0,102,21,0,27,5,4,39,50,4,3,0,0,39,18,16,513,13052,
"Bayview - Elanora Heights",0,2367,45,0,0,10,0,5609,709,494,57,3,492,219,117,0,51,0,0,21,0,31,36,0,164,29,0,51,45,0,38,57,3,0,0,0,76,15,6,484,11243,
"Newport - Bilgola",0,2853,43,0,0,16,0,7311,999,514,79,0,338,195,230,5,21,10,0,33,0,48,64,0,119,43,0,75,26,0,46,64,7,0,0,6,78,21,17,416,13681,
"Mona Vale - Warriewood (North)",5,3108,45,0,0,35,0,6949,887,555,40,3,564,498,187,4,29,0,0,32,0,73,96,0,177,61,0,110,13,0,51,108,4,0,0,6,67,9,16,890,14634,
"North Narrabeen - Warriewood (South)",0,2569,46,0,0,22,0,5056,715,374,37,0,398,241,183,0,39,3,0,57,0,58,89,0,136,52,0,53,13,5,29,105,8,4,0,3,67,14,22,482,10874,
"Beacon Hill - Narraweena",0,2622,116,0,0,96,0,5555,870,442,38,0,1614,343,180,0,84,0,0,57,0,107,299,0,715,245,0,193,101,13,20,145,5,3,0,3,67,21,20,578,14547,
"Cromer",0,1737,43,0,0,32,0,3680,443,280,35,0,524,170,111,0,30,0,0,17,0,37,113,0,200,44,0,69,17,3,14,84,0,0,0,0,46,4,3,303,8046,
"Forestville - Killarney Heights",0,2407,45,0,0,39,0,5073,697,600,50,0,441,357,228,0,94,12,0,115,0,58,93,0,1216,230,0,195,506,0,60,106,6,0,0,0,95,14,19,402,13161,
"Freshwater - Brookvale",5,4036,123,3,0,102,0,10043,1603,915,154,3,1235,378,378,3,59,7,0,81,0,113,214,0,443,208,0,214,49,0,103,307,26,4,0,8,99,32,33,841,21828,
"Manly Vale - Allambie Heights",0,3606,81,5,0,55,0,8029,1216,602,91,0,844,303,284,0,59,4,0,61,0,90,172,0,586,167,0,315,29,3,63,148,11,3,0,8,139,13,35,522,17550,
"Terrey Hills - Duffys Forest",0,871,14,0,0,3,0,1848,223,160,23,0,153,54,69,0,13,0,0,18,0,5,15,0,82,15,0,19,18,0,10,5,0,0,0,0,45,5,0,121,3786,
"Belrose",0,1849,39,0,0,19,0,3794,526,263,29,0,364,177,86,5,29,0,0,49,0,17,35,0,444,97,0,148,301,0,27,38,0,10,0,0,106,12,11,178,8652,
"Collaroy - Collaroy Plateau",0,2999,79,0,0,51,0,6302,989,451,64,3,921,315,173,5,37,5,0,35,0,56,120,0,348,87,0,124,17,6,31,147,5,3,0,0,52,10,16,525,13980,
"Dee Why (South) - North Curl Curl",0,1707,33,0,0,44,0,4191,600,332,51,4,490,195,171,4,42,3,0,29,0,69,63,0,211,64,0,165,20,3,31,134,6,10,0,3,45,6,8,373,9116,
"Dee Why - North",0,2473,130,0,0,127,0,5469,831,657,89,0,1277,583,503,7,78,7,0,149,0,238,635,0,754,843,0,1283,56,15,50,529,23,10,0,7,109,40,63,793,17816,
"Frenchs Forest - Oxford Falls",0,3442,89,0,0,55,0,7832,1113,624,70,0,677,294,223,5,70,10,0,159,0,79,119,0,858,157,0,223,360,3,46,100,5,8,0,7,117,22,24,376,17175,
"Narrabeen - Wheeler Heights",3,2417,51,0,0,26,0,5448,741,430,50,3,519,199,144,4,25,3,0,11,0,32,60,0,138,56,0,70,11,4,45,137,3,3,0,3,52,11,16,541,11241,
"Camden - Ellis Lane",0,3691,38,0,0,38,0,6173,849,293,19,4,784,202,146,3,69,0,0,30,0,36,54,0,93,15,0,53,7,0,11,64,9,0,0,0,47,8,13,530,13295,
"Currans Hill",0,1767,30,0,0,186,0,2280,270,119,3,0,352,157,53,10,130,0,0,77,0,116,128,0,101,3,0,256,9,3,3,74,3,0,0,10,62,9,15,221,6445,
"Elderslie - Narellan",0,3798,48,0,0,54,0,5797,706,305,15,0,1017,333,115,5,188,0,0,90,0,80,105,0,195,9,0,340,10,4,30,117,4,5,0,10,57,24,45,511,14019,
"Harrington Park",7,2614,46,0,0,97,0,3785,529,221,12,0,1136,502,154,30,321,0,3,110,3,97,141,0,264,7,0,431,54,13,9,133,0,0,0,3,105,11,37,356,11241,
"Mount Annan",13,5348,84,0,0,125,0,7256,987,381,37,0,1016,490,228,22,331,0,6,116,0,182,251,0,321,37,0,593,51,11,35,215,23,0,0,15,120,19,71,644,19040,
"Spring Farm",0,2753,58,4,0,83,0,3441,431,174,8,0,531,234,114,13,92,0,14,90,0,102,133,0,106,10,0,522,17,0,11,98,5,0,0,25,116,5,53,299,9539,
"Bradbury - Wedderburn",8,5325,174,15,0,805,0,6214,740,407,11,0,587,382,218,30,719,0,14,71,0,349,439,0,342,54,0,1170,73,5,22,223,17,0,0,15,125,31,40,1391,20011,
"Campbelltown - Woodbine",27,4135,200,3,0,748,0,5538,748,390,26,0,652,428,246,51,951,0,38,129,11,508,1175,0,806,80,0,2735,110,15,16,218,16,3,0,41,228,52,107,1667,22084,
"Claymore - Eagle Vale - Raby",28,4675,163,3,7,970,0,5560,674,338,21,0,749,545,224,65,1075,0,11,154,3,483,568,0,390,16,0,1405,74,22,19,274,37,8,0,19,209,41,68,1336,20236,
"Holsworthy Military Area",0,0,0,0,0,0,0,0,0,0,0,0,0,0,0,0,0,0,0,0,0,0,0,0,0,0,0,0,0,0,0,0,0,0,0,0,5,0,0,0,5,
"Leumeah - Minto Heights",27,3953,165,6,0,530,0,5184,693,343,66,0,433,371,234,30,554,0,22,65,4,279,466,0,362,38,0,1435,20,4,17,149,17,0,0,43,110,25,74,1001,16729,
"Minto - St Andrews",25,3687,199,11,0,990,0,4190,548,267,20,4,564,370,167,75,870,0,7,75,17,510,960,0,445,48,0,5008,95,9,25,161,20,4,0,32,151,123,119,1543,21335,
"Rosemeadow - Glen Alpine",11,5127,156,3,3,638,0,6517,787,409,26,3,788,508,276,33,668,0,23,107,0,685,591,0,437,28,0,1002,78,17,27,319,26,3,0,16,164,31,87,1568,21155,
"Denham Court - Bardia",14,1620,124,3,0,362,0,1757,206,130,5,10,888,752,100,60,867,3,12,523,10,366,663,0,892,62,0,4095,53,6,26,173,16,0,0,80,130,46,144,681,14868,
"Glenfield",11,1187,99,7,0,363,0,1572,204,126,7,0,208,214,179,22,401,0,8,74,4,241,492,0,771,37,0,3007,8,11,25,98,20,0,3,63,97,39,92,864,10536,
"Ingleburn",30,2744,144,3,0,730,0,3698,508,282,32,0,485,343,184,13,408,4,7,54,15,277,928,0,739,48,0,3500,49,10,20,150,39,0,0,24,83,46,75,1040,16720,
"Macquarie Fields",11,2597,92,3,0,827,0,2807,327,202,10,0,276,260,132,23,527,0,28,60,9,419,484,0,403,22,0,3015,37,3,9,118,29,0,0,52,93,30,86,1215,14198,
"Bargo",0,1975,16,0,0,4,0,2507,302,155,11,0,329,119,47,0,52,0,0,11,0,19,9,0,47,0,0,29,0,0,5,21,4,0,0,0,10,8,4,252,5934,
"Douglas Park - Appin",0,3445,35,0,0,37,0,4707,560,302,22,0,564,225,96,7,84,5,0,21,0,40,46,0,67,4,0,69,0,0,14,41,0,0,0,0,36,9,4,675,11112,
"Picton - Tahmoor - Buxton",4,5884,56,4,0,28,0,8582,1060,490,43,0,635,266,158,0,200,3,0,26,0,52,59,0,131,9,0,48,9,3,16,81,4,0,0,3,73,18,31,992,18987,
"The Oaks - Oakdale",0,3091,16,0,0,16,0,3875,489,213,19,0,947,195,57,0,79,0,5,32,0,39,27,0,43,5,0,53,0,3,20,39,4,6,0,3,27,5,17,470,9808,
"Blackheath - Megalong Valley",0,1222,13,0,0,4,0,2832,503,230,23,3,113,65,112,0,21,5,0,12,0,30,37,0,65,18,0,24,0,0,21,19,0,0,0,0,14,17,9,348,5764,
"Blaxland - Warrimoo - Lapstone",0,5036,37,0,0,20,3,9404,1537,600,42,5,474,180,319,0,91,8,0,53,0,54,101,0,201,31,0,119,16,0,22,51,4,5,0,7,50,23,18,464,18993,
"Blue Mountains - North",0,0,0,0,0,0,0,5,0,0,0,0,0,0,0,0,0,0,0,0,0,0,0,0,0,0,0,0,0,0,0,0,0,0,0,0,0,0,0,0,7,
"Katoomba - Leura",0,2614,38,0,0,32,6,6355,1216,531,75,0,386,151,274,0,39,14,0,28,0,130,133,0,259,116,0,135,5,3,41,47,7,4,0,0,28,33,25,625,13348,
"Lawson - Hazelbrook - Linden",0,2936,35,0,0,10,5,5598,884,445,27,0,283,139,206,0,33,10,0,14,4,35,74,0,114,30,0,68,0,3,20,62,0,0,0,0,32,16,20,333,11445,
"Springwood - Winmalee",5,5820,64,5,0,35,0,10890,1745,700,54,0,566,239,329,3,51,0,0,27,0,51,107,0,156,25,0,114,9,0,45,91,17,5,0,0,65,27,18,703,21964,
"Wentworth Falls",0,1356,18,0,0,8,0,3135,551,225,13,0,173,80,137,0,23,0,0,10,0,44,42,0,87,31,0,58,7,0,11,21,0,0,0,0,10,14,6,357,6428,
"Blue Mountains - South",0,3,0,0,0,0,0,0,0,0,0,0,0,0,0,0,0,0,0,0,0,0,0,0,0,0,0,0,0,0,0,0,0,0,0,0,0,0,0,0,8,
"Cambridge Park",10,4888,144,0,0,226,0,6154,834,362,15,0,539,195,192,20,173,0,0,65,0,71,229,0,162,44,0,465,28,0,16,45,7,3,0,6,45,20,34,991,16004,
"Emu Plains - Leonay",0,3998,54,0,0,41,3,6102,1054,440,29,4,453,267,186,4,93,3,0,41,0,42,117,0,134,11,0,141,28,3,21,32,0,0,0,0,26,16,10,571,13914,
"Glenmore Park - Regentville",14,5869,78,3,0,132,0,7718,1060,505,28,5,1189,447,235,14,314,3,16,208,0,76,484,0,358,80,0,1175,58,8,15,80,9,0,0,0,127,27,55,628,21002,
"Jamisontown - South Penrith",8,4923,100,0,0,140,0,6953,1039,430,26,0,534,292,181,10,183,0,11,98,0,65,224,0,320,42,0,600,25,4,13,55,10,0,0,4,76,24,28,880,17326,
"Kingswood - Werrington",8,5256,220,15,0,465,0,6697,901,387,22,0,840,428,219,26,388,4,92,184,3,215,1125,0,563,79,0,3751,88,3,21,133,24,0,0,122,171,42,179,1930,24625,
"Mulgoa - Luddenham - Orchard Hills",0,2951,49,0,0,33,0,3915,460,267,19,0,1438,374,110,6,366,0,8,135,0,52,185,0,175,23,0,780,50,0,12,75,4,9,0,10,55,4,31,451,12040,
"Penrith",0,4174,112,6,0,215,0,6081,858,453,23,0,536,341,180,10,165,0,21,113,4,184,482,0,594,157,0,1033,53,0,15,102,9,0,0,41,77,21,58,1839,17966,
"Warragamba - Silverdale",0,1853,20,0,0,15,0,2307,253,129,8,0,698,169,62,0,49,0,0,32,0,38,23,0,32,3,0,24,9,0,4,36,0,0,0,0,8,3,18,228,6025,
"Cranebrook - Castlereagh",0,5101,75,5,0,136,0,6626,932,408,23,0,993,285,147,8,151,0,11,84,0,59,224,0,237,43,0,374,36,0,18,64,9,0,0,10,50,26,38,854,17029,
"Jordan Springs - Llandilo",12,3050,75,4,0,159,0,3476,409,172,11,0,926,175,86,4,166,0,69,54,3,59,750,0,376,84,0,2290,63,4,5,30,10,3,0,55,80,26,108,591,13388,
"Richmond - Clarendon",0,4224,59,3,0,36,0,6423,823,431,29,0,631,313,135,0,39,0,0,31,0,54,126,0,182,23,0,428,3,3,19,40,0,4,0,18,36,24,33,1085,15239,
"Windsor - Bligh Park",6,4852,59,7,0,34,0,6315,808,304,31,0,656,169,112,3,108,0,3,53,6,50,172,0,134,26,0,330,4,0,12,41,3,0,0,11,43,12,37,858,15264,
"Yarramundi - Londonderry",0,1732,37,0,0,30,0,2170,242,159,9,0,961,132,74,20,96,0,0,8,0,12,26,0,97,12,0,110,3,0,7,3,5,0,0,10,20,8,5,1520,7504,
"Erskine Park",9,1505,64,0,0,157,0,1887,262,134,7,7,459,198,59,12,245,0,40,108,0,38,339,0,79,19,0,365,56,10,5,49,15,0,0,9,39,10,12,292,6486,
"St Clair",7,4613,219,0,0,500,0,5824,745,371,34,0,1176,652,192,26,867,0,70,352,0,138,947,0,307,67,0,1120,231,6,22,145,22,4,0,27,128,16,64,1066,19942,
"Colyton - Oxley Park",18,2822,165,0,0,561,0,3205,377,229,14,3,493,402,111,20,532,0,126,195,4,124,672,0,212,45,0,967,153,0,10,50,13,3,0,100,58,27,153,1142,13028,
"St Marys - North St Marys",36,3603,209,0,0,752,0,4333,570,272,26,0,573,471,214,8,385,0,191,125,3,167,906,0,322,63,0,1322,89,5,9,61,4,0,0,203,87,47,192,2069,17325,
"Rookwood Cemetery",0,5,0,0,0,0,0,0,0,0,0,0,0,0,0,0,0,0,0,0,0,0,0,0,0,0,0,0,0,0,0,0,0,0,0,0,0,0,0,0,3,
"Auburn - Central",0,885,5,0,0,129,0,1164,68,45,0,0,202,229,51,53,1820,0,56,1688,14,237,269,0,3880,328,0,4696,1101,0,3,37,0,0,0,30,181,98,167,2052,19487,
"Auburn - North",4,313,13,0,0,63,0,601,20,10,0,0,59,99,31,5,262,0,21,603,12,123,236,0,2236,116,0,4117,562,0,8,34,4,0,0,12,39,76,84,831,10592,
"Auburn - South",3,693,22,0,0,139,0,639,70,30,4,0,103,116,61,69,1378,0,38,703,4,205,140,0,2029,126,0,807,403,0,0,27,4,0,0,5,102,35,24,872,8860,
"Berala",0,471,24,0,0,184,0,758,103,35,7,0,140,369,92,23,495,0,14,158,5,434,332,0,3106,256,0,594,223,6,8,19,6,0,0,0,51,30,52,635,8610,
"Lidcombe",5,952,38,0,0,204,0,1461,220,68,7,0,347,420,175,43,807,0,4,707,0,1047,787,0,5485,3494,0,3043,169,8,10,103,14,0,0,18,80,36,104,1353,21197,
"Regents Park",6,342,18,3,0,113,0,536,76,24,0,0,109,169,49,30,522,3,30,84,4,385,144,0,1196,104,0,515,150,0,4,35,3,0,0,21,48,20,48,342,5138,
"Silverwater - Newington",0,673,38,0,0,59,0,1153,234,107,10,0,324,159,102,17,255,0,3,178,8,101,318,0,1722,1240,0,683,74,0,4,65,8,0,0,7,42,20,23,1629,9246,
"Wentworth Point - Sydney Olympic Park",0,1124,79,5,0,90,0,2423,319,205,19,0,589,269,278,71,761,0,7,628,10,398,656,0,6149,2823,0,1593,97,18,22,287,26,3,0,22,99,46,70,1245,20412,
"Ermington - Rydalmere",6,3214,116,7,0,208,4,4770,742,309,44,0,1088,462,262,44,1354,3,17,499,9,289,714,0,4510,2023,0,1271,707,16,30,199,20,8,0,34,157,40,76,1410,24641,
"Oatlands - Dundas Valley",0,2089,56,0,0,81,0,3114,495,231,24,0,540,357,244,21,1422,6,8,385,3,237,363,0,4621,1540,0,1004,284,5,13,102,0,0,0,25,67,46,73,1054,18508,
"Carlingford - East",0,1145,21,0,0,16,0,1951,322,103,4,0,274,149,101,3,290,0,0,149,4,126,202,0,4097,890,0,1219,101,0,3,25,5,8,0,6,19,16,45,336,11622,
"Carlingford - West",5,1503,22,0,0,85,0,2615,399,189,13,0,358,205,155,34,345,0,0,479,4,243,352,0,7648,1189,0,2302,130,6,14,79,8,0,0,3,63,21,90,676,19251,
"Chester Hill - Sefton",3,2187,53,0,0,373,0,2154,251,115,4,0,448,466,214,131,4144,0,10,320,6,2357,299,0,2683,172,0,666,473,10,9,56,8,0,0,68,125,68,106,2857,20842,
"Fairfield - East",13,1485,58,0,0,377,0,1256,134,85,15,0,408,313,141,100,2888,0,56,450,0,2963,363,0,1531,27,0,383,309,4,9,163,22,0,0,44,48,61,94,1953,15742,
"Granville - Clyde",10,1827,61,8,0,441,0,2093,231,104,5,0,392,295,120,186,3913,0,30,787,9,545,850,0,2898,254,0,4415,822,7,14,105,5,8,0,92,125,76,189,2342,23250,
"Guildford - South Granville",10,2476,64,3,0,365,0,2058,199,66,4,0,320,277,105,175,6741,4,64,782,7,499,334,0,1342,141,0,1518,1211,0,12,57,4,0,0,71,208,88,155,3035,22386,
"Guildford West - Merrylands West",22,2828,111,0,0,541,0,2887,367,160,4,6,765,489,167,155,4980,0,73,989,3,452,548,0,1311,73,0,1416,1635,4,11,161,7,0,0,168,159,109,189,2132,22929,
"Smithfield Industrial",0,5,0,0,0,0,0,0,0,0,0,0,0,0,0,0,0,0,0,0,0,0,0,0,6,0,0,0,0,0,0,0,0,0,0,0,0,0,0,0,10,
"Yennora Industrial",0,0,3,0,0,0,0,0,0,0,0,0,0,0,0,0,0,0,0,0,0,0,5,0,3,0,0,0,0,0,0,0,0,0,0,0,0,0,0,0,12,
"Greystanes - South",21,2865,75,4,0,204,0,3005,537,188,15,0,1614,1027,207,54,2853,0,25,501,0,167,318,0,591,53,0,807,293,0,15,121,9,0,0,9,65,19,34,953,16645,
"Merrylands - Holroyd",9,2195,93,0,0,490,0,2032,239,133,3,0,690,790,161,167,4317,0,37,994,5,358,593,0,2080,130,0,2829,1896,7,20,191,8,0,0,124,186,135,219,2657,23806,
"Pemulwuy - Greystanes (North)",9,1502,94,0,0,157,0,1668,313,110,3,0,1112,480,107,59,1157,0,11,368,4,129,387,0,612,65,0,1524,203,3,4,88,3,0,0,14,38,25,37,622,10893,
"South Wentworthville",0,813,63,0,0,99,0,932,124,56,0,0,395,133,65,48,1585,0,10,227,0,105,213,0,383,38,0,907,224,0,3,62,10,0,0,20,53,24,64,653,7305,
"North Parramatta",13,2188,108,15,3,188,0,3567,552,231,25,0,525,574,295,67,1380,10,17,704,6,319,848,0,2813,544,0,5049,335,9,26,200,14,3,4,89,132,77,170,1767,22878,
"North Rocks",5,1226,17,0,0,20,0,2145,304,127,19,0,262,193,103,8,297,0,0,180,0,96,105,0,1863,435,0,619,46,0,15,32,0,0,0,0,28,8,20,261,8451,
"Northmead",9,2297,74,0,0,140,0,3634,604,215,18,0,532,354,210,36,612,10,21,530,9,185,614,0,1587,521,0,6130,147,12,28,153,4,0,4,59,132,59,145,1178,20275,
"Toongabbie - Constitution Hill",8,3445,130,7,0,329,0,4635,785,279,30,4,816,440,259,32,1101,0,25,289,9,249,616,0,1525,396,0,5578,152,3,15,101,8,5,0,47,84,52,61,1344,22853,
"Winston Hills",0,2177,27,0,0,44,0,3401,552,197,18,0,525,356,170,15,693,0,0,182,3,88,177,0,1012,234,0,815,88,9,10,62,13,6,0,0,52,10,21,244,11199,
"Pendle Hill - Girraween",4,1011,42,0,0,103,0,1520,151,86,7,0,535,207,73,12,451,0,53,186,0,73,273,0,501,73,0,7135,126,0,12,57,5,0,0,18,61,49,67,1049,13939,
"Wentworthville - Westmead",12,1225,61,0,0,145,0,1775,221,120,10,0,355,280,88,27,876,0,16,344,8,180,494,0,1376,175,0,11258,241,3,9,73,6,4,0,54,91,56,129,1840,21568,
"Parramatta - North",0,376,20,0,0,69,0,899,115,58,4,0,136,96,58,24,219,0,0,207,13,184,380,0,1776,171,0,6048,62,5,12,75,3,3,0,8,33,31,46,914,12062,
"Parramatta - South",0,562,28,0,0,90,0,816,74,58,6,0,84,154,44,28,450,0,8,205,5,145,302,0,1326,123,0,4275,114,4,7,57,4,0,0,45,32,23,103,699,9867,
"Rosehill - Harris Park",0,570,35,0,0,97,0,884,104,53,5,0,84,121,57,21,570,0,20,107,5,86,253,0,788,61,4,4159,95,3,0,29,0,0,0,9,45,35,52,689,9034,
"Pennant Hills - Cheltenham",0,3466,61,0,0,28,0,6661,1089,360,45,0,481,177,293,15,402,10,0,230,3,207,266,0,4173,660,0,2003,90,0,37,66,4,0,0,7,135,28,40,703,21737,
"Epping (East) - North Epping",0,1403,31,3,0,18,0,2777,385,201,24,0,258,95,152,10,75,3,6,131,9,174,271,0,4584,1047,0,2079,47,3,17,56,4,0,0,9,48,21,39,445,14404,
"Epping (NSW) - West",0,1281,24,6,0,16,0,2570,407,183,16,0,284,127,144,3,117,0,0,208,7,215,300,0,7547,1859,0,2424,75,19,12,59,3,4,0,0,37,36,54,639,18690,
"Gladesville - Huntleys Point",0,2507,38,0,0,27,0,4657,1024,291,28,0,1560,769,262,24,333,12,0,170,0,149,227,0,1575,232,0,507,92,5,27,170,22,0,0,4,63,22,34,609,15456,
"Hunters Hill - Woolwich",0,1634,24,0,0,12,0,3304,795,206,25,3,673,442,188,17,262,3,0,80,0,70,60,0,805,85,0,201,58,0,22,31,4,0,0,5,47,8,24,749,9844,
"Macquarie Park - Marsfield",4,1909,46,7,0,48,0,3814,623,345,56,3,842,282,362,61,259,28,0,487,14,459,893,0,7217,1178,0,2826,313,18,30,169,22,13,0,20,111,60,112,1197,23818,
"North Ryde - East Ryde",6,1933,33,0,0,30,0,3315,585,281,26,3,787,397,227,18,242,10,0,311,4,247,463,0,3270,666,0,1143,514,3,24,135,7,8,0,0,47,20,28,826,15622,
"West Ryde - Meadowbank",0,1984,50,5,0,78,0,3429,645,266,29,0,822,434,285,22,636,11,4,317,4,366,758,0,4766,1667,0,2057,245,10,30,166,9,0,0,17,62,28,69,820,20102,
"Putney",0,581,6,0,0,8,0,998,196,56,0,0,570,265,52,11,241,5,0,36,0,86,40,0,610,39,0,130,37,0,10,29,7,0,0,3,24,0,8,128,4163,
"Denistone",0,808,14,5,0,6,0,1606,283,119,14,7,357,129,79,3,194,0,0,47,0,70,89,0,2198,328,0,308,61,0,17,15,3,3,0,0,12,10,17,173,6969,
"Eastwood",0,1273,13,0,0,18,0,2460,402,175,17,0,500,178,95,17,195,14,0,115,0,291,365,0,9005,1648,0,1118,163,0,16,53,6,4,0,7,23,31,32,759,18974,
"Ryde - North",3,2277,74,3,0,68,0,3881,689,256,52,3,1842,800,259,33,611,6,0,457,5,272,730,0,3770,693,0,1221,975,3,20,209,3,6,0,13,94,20,54,873,20291,
"Ryde - South",4,1048,37,0,0,15,0,1818,362,116,12,0,695,300,166,23,302,0,5,393,3,162,329,0,3036,869,0,1044,165,0,28,146,8,6,0,14,37,40,53,746,11972,
"Ashcroft - Busby - Miller",18,3195,117,3,0,833,0,2838,256,150,7,0,379,419,76,133,2920,0,46,301,3,2205,258,0,556,11,0,479,68,14,27,155,54,0,0,46,62,64,48,2225,17962,
"Austral - Greendale",7,1690,44,0,0,251,0,1778,215,162,3,0,1971,587,101,73,1032,0,8,657,0,412,277,0,598,19,0,1235,41,5,4,100,21,7,0,33,42,35,46,1070,12533,
"Badgerys Creek",0,6,0,0,0,0,0,5,0,0,0,0,3,0,0,0,0,0,0,0,0,0,7,0,0,0,0,0,0,0,0,0,0,0,0,0,0,0,0,0,25,
"Cecil Hills",0,611,18,0,0,121,0,596,68,45,0,0,985,628,62,33,560,0,3,836,0,710,272,0,531,12,0,255,23,9,3,141,16,0,0,5,27,18,23,289,6906,
"Green Valley",14,1107,51,0,0,324,0,957,87,60,9,0,939,749,102,67,1221,0,19,1038,0,2279,352,0,1171,19,0,892,60,33,10,295,48,0,0,32,37,30,52,886,12919,
"Hinchinbrook",4,1411,50,0,0,426,0,1124,140,103,7,0,1001,878,82,62,1675,0,19,1434,3,1335,403,0,747,0,0,788,42,15,17,308,43,0,0,32,73,14,57,726,13038,
"Hoxton Park - Carnes Hill - Horningsea Park",6,1429,68,0,0,478,0,1352,131,117,3,0,1088,1012,72,91,1292,0,47,1192,3,975,507,0,651,15,0,1281,48,30,16,318,33,3,0,54,127,42,64,726,13263,
"West Hoxton - Middleton Grange",11,1870,102,5,0,375,0,1882,186,143,10,3,2067,1373,132,106,1600,0,55,2027,0,952,535,0,743,22,0,1355,103,14,17,368,35,0,0,57,97,62,65,843,17194,
"Cobbitty - Bringelly",0,1183,11,0,0,42,0,1671,245,113,0,0,541,127,78,0,94,0,9,49,0,23,39,0,80,5,0,67,3,0,5,46,0,0,0,9,31,12,20,254,4761,
"Gledswood Hills - Gregory Hills",8,2736,92,0,0,319,0,3005,430,139,16,0,1309,699,101,38,658,5,21,338,9,295,545,0,368,24,0,1717,79,4,19,288,18,0,0,77,177,38,94,634,14299,
"Leppington - Catherine Field",4,1748,35,0,0,263,0,2060,295,148,12,0,1488,784,105,31,666,0,10,464,3,370,444,0,600,32,0,1894,23,15,16,183,11,0,0,69,92,24,104,553,12559,
"Oran Park",8,3105,88,13,0,287,0,3550,435,217,22,0,1393,679,130,77,616,0,76,592,6,248,436,0,444,30,0,3107,111,9,20,337,25,0,0,105,238,38,194,968,17624,
"Bonnyrigg Heights - Bonnyrigg",8,1289,32,0,9,328,0,1152,89,78,0,0,966,1154,101,59,1164,0,8,1433,6,4545,337,0,2166,19,0,411,104,11,11,260,49,0,0,10,46,18,48,1236,17154,
"Bossley Park - Abbotsbury",11,1620,53,0,0,136,0,1687,239,154,22,5,3189,1354,190,99,2160,0,15,4045,0,1015,470,0,1010,11,0,217,199,21,10,441,28,3,0,7,36,89,25,1165,19690,
"Cabramatta - Lansvale",4,1174,77,4,0,495,0,1485,124,132,6,0,292,545,177,30,343,0,3,147,0,9550,327,0,6057,33,4,172,29,4,3,106,11,4,0,56,28,39,72,2569,24101,
"Cabramatta West - Mount Pritchard",35,1663,85,0,0,563,0,1729,182,135,17,0,831,1088,144,29,1134,0,19,424,0,5305,204,0,2209,11,0,148,72,8,14,179,25,0,0,44,27,36,56,1826,18249,
"Canley Vale - Canley Heights",6,1358,50,0,0,386,0,1505,99,111,0,0,404,497,178,28,754,5,24,763,5,8168,270,0,4912,40,0,131,46,9,15,150,32,0,0,28,26,34,68,2147,22261,
"Edensor Park",0,707,26,0,0,133,0,727,75,54,5,0,1182,841,106,29,997,0,0,2049,0,1296,157,0,815,4,0,125,91,0,0,166,18,0,0,7,13,26,20,608,10279,
"Fairfield",19,1084,52,3,0,365,0,1120,109,111,14,3,551,780,105,91,2894,4,27,3860,0,2161,379,0,1798,18,0,364,181,7,20,236,15,0,0,48,45,90,66,1643,18248,
"Fairfield - West",11,1471,72,0,0,267,0,1583,145,149,6,0,884,881,139,95,3016,0,16,4459,0,3329,242,0,1764,11,0,165,222,9,11,340,16,0,0,21,42,59,35,1799,21249,
"Greenfield Park - Prairiewood",0,503,7,0,0,91,0,556,66,40,4,0,707,497,90,37,849,0,4,2454,0,1086,158,0,733,12,0,88,59,0,8,205,9,0,0,7,15,36,23,502,8855,
"Horsley Park - Kemps Creek",0,542,10,0,0,32,0,529,77,57,0,0,1594,302,48,4,197,0,0,335,0,98,15,0,96,0,0,58,11,0,0,36,0,5,0,0,0,3,4,276,4344,
"Smithfield - Wetherill Park",6,1911,56,0,0,360,0,1980,229,194,11,5,2056,979,149,91,2909,0,35,3250,0,1566,278,0,969,18,0,256,308,27,19,439,45,3,0,15,51,79,46,1169,19510,
"St Johns Park - Wakeley",9,718,22,0,0,122,0,683,72,53,0,0,680,1045,90,29,702,0,8,1327,0,2354,178,0,1917,12,0,84,126,15,8,209,11,0,0,7,17,35,10,648,11197,
"Wetherill Park Industrial",0,0,0,0,0,3,0,4,0,0,4,0,0,0,0,0,0,0,0,0,0,14,0,0,0,0,0,3,0,0,0,0,0,0,0,0,0,0,0,5,37,
"Casula",21,1866,89,0,0,479,0,2057,227,160,6,4,1139,1555,259,150,2580,0,52,348,3,687,503,0,730,29,0,1653,98,14,13,180,30,11,0,113,149,47,95,1225,16584,
"Chipping Norton - Moorebank",0,3276,127,3,0,311,0,3801,542,254,13,5,1570,1887,249,99,2455,0,44,247,0,1292,396,0,1286,66,0,1221,27,0,29,186,14,5,0,14,87,32,83,1184,20813,
"Holsworthy - Wattle Grove",10,4412,141,11,0,262,0,5580,803,315,24,0,966,879,247,31,1051,3,17,91,9,331,637,0,1051,77,0,2355,40,20,25,227,19,0,0,21,144,51,68,1224,21129,
"Lurnea - Cartwright",11,1973,71,0,0,361,0,1652,166,85,8,0,435,634,103,128,3086,0,29,302,0,779,228,0,316,5,0,571,55,10,11,126,31,0,0,18,38,33,52,1375,12670,
"Warwick Farm",0,577,26,0,0,155,0,654,63,44,0,3,130,461,77,22,524,0,21,158,0,452,189,0,389,27,0,882,53,7,4,73,7,9,0,62,56,18,99,682,5937,
"Edmondson Park",11,1051,66,0,0,358,0,1021,101,56,3,0,481,664,61,66,775,0,10,415,5,514,453,0,922,74,0,3555,73,0,15,118,9,4,0,72,110,59,105,842,12080,
"Liverpool - East",12,1227,92,6,0,476,0,1397,146,117,0,5,400,1920,189,100,2115,0,68,620,7,690,627,0,879,75,0,3082,164,7,19,208,33,0,0,188,123,54,243,2247,17536,
"Liverpool - West",14,1342,54,0,0,388,0,1331,159,141,6,3,563,1462,164,157,2825,0,76,365,0,866,304,0,523,12,0,1061,69,14,7,128,36,4,0,96,24,48,81,1403,13737,
"Prestons",16,1887,70,0,0,592,0,1757,205,128,12,4,915,1121,127,98,1593,0,17,736,7,672,720,0,659,20,0,2495,143,19,12,258,12,6,0,102,156,29,102,1001,15692,
"Gymea - Grays Point",0,4605,66,0,0,26,0,8172,1296,437,43,8,763,497,332,0,132,6,0,36,0,75,140,0,529,44,0,192,5,3,30,113,4,0,0,0,50,13,19,514,18156,
"Miranda - Yowie Bay",11,4244,149,7,0,84,0,7622,1213,450,30,3,1085,1114,430,15,275,0,9,85,0,199,358,0,1275,136,0,381,25,6,21,280,13,4,0,3,107,26,37,1006,20705,
"Sylvania - Taren Point",0,2818,56,0,0,36,6,5002,700,280,38,4,1073,2362,239,27,640,4,6,80,0,102,113,0,1421,51,0,229,22,8,18,145,12,0,0,8,46,26,29,815,16430,
"Caringbah",0,3025,116,5,0,32,0,5157,854,259,19,0,535,533,278,14,90,4,0,25,0,86,174,0,537,49,0,182,8,4,21,126,4,6,0,3,56,9,13,636,12858,
"Caringbah South",4,3434,38,5,0,13,0,5879,909,264,29,3,646,551,122,5,125,4,0,25,0,31,46,0,249,24,0,60,6,3,14,60,3,0,0,0,35,8,7,423,13015,
"Cronulla - Kurnell - Bundeena",0,5771,123,6,0,40,0,11067,1934,715,89,0,1079,700,417,7,144,0,0,29,0,85,126,0,244,52,0,73,9,9,60,186,16,9,0,4,81,29,28,1219,24374,
"Lilli Pilli - Port Hacking - Dolans Bay",0,868,8,0,0,5,0,1539,255,79,4,0,169,181,31,0,38,0,0,6,0,3,9,0,67,0,0,5,0,0,6,3,3,0,0,0,10,0,0,68,3369,
"Woolooware - Burraneer",0,2269,36,0,0,10,0,4080,603,217,29,0,454,387,111,0,67,4,0,12,0,65,38,0,119,18,0,45,3,3,19,48,0,0,0,0,24,10,15,251,8947,
"Heathcote - Waterfall",0,1880,17,0,0,12,0,3218,467,156,9,0,160,70,69,0,15,0,0,10,0,28,25,0,71,10,0,42,0,0,7,16,0,0,0,0,19,3,11,342,6673,
"Illawong - Alfords Point",0,2079,42,0,0,30,0,3268,512,169,15,0,756,1283,170,13,850,7,0,57,0,103,88,0,511,35,0,148,12,4,13,58,0,0,0,6,43,9,8,265,10554,
"Menai - Lucas Heights - Woronora",0,5336,81,0,0,46,0,8341,1179,464,35,0,1165,1244,292,11,429,9,12,70,0,107,162,0,650,41,0,304,26,0,33,176,10,0,0,0,137,27,28,518,20927,
"Oyster Bay - Como - Jannali",0,5317,77,0,0,39,0,9720,1554,550,72,3,787,873,384,3,187,8,0,48,0,75,143,0,978,62,0,217,10,4,37,105,9,7,0,0,88,11,27,650,22063,
"Royal National Park",0,14,0,0,0,0,0,12,0,0,0,0,3,0,0,0,0,0,0,0,0,0,0,0,0,0,0,0,0,0,0,8,0,0,0,0,0,0,0,16,42,
"Sutherland - Kirrawee",0,5261,120,0,0,81,0,9255,1464,506,50,0,996,698,501,15,241,5,0,72,3,195,330,0,1109,168,0,554,9,21,47,201,12,9,0,5,120,28,41,1120,23238,
"Engadine",0,5181,58,0,0,16,0,8148,1203,420,31,0,487,203,198,0,58,0,9,27,0,73,93,0,260,25,0,133,4,0,23,73,3,3,0,3,51,16,19,523,17356,
"Loftus - Yarrawarrah",0,2196,35,0,0,12,0,3509,548,150,17,0,195,92,86,0,27,0,0,12,0,20,44,0,110,6,0,61,0,3,11,26,0,0,0,0,17,7,5,145,7348,
"Woronora Heights",0,1057,12,0,0,0,0,1621,258,111,12,0,139,84,44,0,15,0,0,6,0,3,21,0,37,3,0,33,0,0,6,5,0,0,0,0,11,0,3,64,3539,
"Migratory - Offshore - Shipping (NSW)",0,0,0,0,0,0,0,0,0,0,0,0,0,0,0,0,0,0,0,0,0,0,0,0,0,0,0,0,0,0,0,0,0,0,0,0,0,0,0,0,0,
"No usual address (NSW)",0,2433,37,12,0,60,0,2915,419,290,23,0,199,111,78,5,101,8,3,45,0,76,101,0,258,35,0,150,7,4,13,48,0,4,5,18,29,44,18,3846,11371,
