sa2,Negative income,Nil income,"$1-$149 ($1-$7,799)","$150-$299 ($7,800-$15,599)","$300-$399 ($15,600-$20,799)","$400-$499 ($20,800-$25,999)","$500-$649 ($26,000-$33,799)","$650-$799 ($33,800-$41,599)","$800-$999 ($41,600-$51,999)","$1,000-$1,249 ($52,000-$64,999)","$1,250-$1,499 ($65,000-$77,999)","$1,500-$1,749 ($78,000-$90,999)","$1,750-$1,999 ($91,000-$103,999)","$2,000-$2,499 ($104,000-$129,999)","$2,500-$2,999 ($130,000-$155,999)","$3,000-$3,499 ($156,000-$181,999)","$3,500-$3,999 ($182,000-$207,999)","$4,000-$4,499 ($208,000-$233,999)","$4,500-$4,999 ($234,000-$259,999)","$5,000-$5,999 ($260,000-$311,999)","$6,000-$7,999 ($312,000-$415,999)","$8,000 or more ($416,000 or more)",Partial income stated,All incomes not stated,Not applicable
Braidwood,8,20,18,33,54,117,80,125,138,132,142,103,89,187,87,107,56,26,80,43,26,9,95,45,963
Karabar,10,39,12,34,58,163,91,140,157,177,202,185,178,351,256,255,155,85,149,96,65,14,168,59,341
Queanbeyan,11,51,22,66,108,277,209,243,273,400,416,369,359,665,330,289,189,123,168,83,82,21,148,67,741
Queanbeyan - East,4,14,6,25,54,113,68,97,132,180,181,178,179,291,159,151,82,48,97,44,56,11,81,30,286
Queanbeyan West - Jerrabomberra,10,33,14,9,39,91,82,85,126,149,157,191,230,497,338,406,290,190,378,305,369,101,224,46,290
Googong,0,5,0,6,0,10,16,19,13,23,39,66,77,224,230,260,223,145,221,120,120,25,69,19,161
Queanbeyan Surrounds,11,42,20,25,37,103,100,128,166,249,262,235,230,592,397,461,359,251,485,368,377,152,332,55,670
Bombala,7,12,11,23,32,92,62,72,78,81,86,45,59,92,59,50,24,8,24,16,4,7,38,33,386
Cooma,13,36,20,36,71,221,149,236,198,217,184,151,145,323,152,161,90,36,88,34,37,12,119,89,564
Cooma Surrounds,9,21,5,23,39,89,50,85,81,87,99,67,69,136,98,88,46,17,51,36,31,10,88,32,539
Jindabyne - Berridale,14,35,17,37,64,141,119,149,200,196,225,175,187,423,256,247,128,91,176,124,102,69,197,98,1753
Batemans Bay,20,43,28,75,110,317,233,375,293,336,361,204,179,332,160,124,49,27,46,31,15,13,133,93,1288
Batemans Bay - South,16,49,32,47,105,309,213,341,328,365,372,208,214,358,188,148,78,31,91,45,27,17,176,121,1979
Bega - Tathra,18,49,32,61,100,292,207,299,276,319,303,207,204,387,193,159,94,41,76,45,24,11,166,97,629
Bega-Eden Hinterland,21,57,48,69,103,347,192,306,307,326,340,214,209,343,215,138,69,41,63,49,23,4,218,88,814
Broulee - Tomakin,8,16,7,20,38,99,85,117,135,117,162,83,89,136,102,87,48,23,40,33,28,15,77,41,988
Deua - Wadbilliga,0,0,0,0,0,0,0,3,6,0,0,0,0,0,0,0,0,0,0,0,0,0,3,0,12
Eden,8,23,10,24,56,139,104,133,113,115,118,70,76,112,67,46,22,11,8,9,3,0,84,75,337
Eurobodalla Hinterland,9,27,12,21,36,98,56,129,115,128,119,73,96,158,71,54,24,15,22,18,13,13,71,42,687
Merimbula - Tura Beach,23,59,48,72,128,387,328,452,397,472,408,284,270,496,292,215,109,59,116,46,31,29,213,135,1408
Moruya - Tuross Head,9,44,43,49,113,337,222,393,308,335,315,193,201,337,189,139,69,32,66,27,33,13,149,120,1261
Narooma - Bermagui,19,57,54,65,141,455,315,469,410,388,382,244,192,332,208,121,69,25,67,45,19,7,204,119,1627
Goulburn,46,104,72,148,265,783,531,668,644,729,729,562,521,1068,672,503,311,156,239,109,79,27,378,253,1341
Goulburn Surrounds,38,86,61,74,129,344,226,337,347,355,382,273,269,556,340,289,179,78,177,119,84,60,302,132,1994
Yass,11,24,13,25,52,140,108,134,167,174,184,172,156,276,196,199,113,61,104,55,37,8,127,57,315
Yass Surrounds,22,28,23,26,47,117,102,141,150,222,247,202,209,410,307,329,266,162,327,250,279,93,249,57,682
Young,32,61,31,73,132,412,234,358,367,367,325,219,217,410,212,171,79,44,70,42,30,21,205,160,659
Young Surrounds,18,33,22,51,105,314,144,274,235,257,223,151,148,263,180,122,48,26,49,28,42,25,173,131,924
Avoca Beach - Copacabana,6,30,12,12,24,77,76,110,113,146,182,136,139,271,179,202,148,68,211,145,114,56,155,25,1036
Box Head - MacMasters Beach,21,67,30,28,73,230,227,282,269,285,290,188,229,401,304,283,195,98,238,143,139,73,184,81,1142
Calga - Kulnura,6,36,14,23,28,77,73,85,104,116,115,75,93,156,121,97,56,36,61,57,61,28,119,30,520
Erina - Green Point,27,72,53,68,94,400,439,475,363,356,376,238,223,429,354,295,229,142,223,197,147,66,211,148,506
Gosford - Springfield,36,129,70,169,289,635,546,595,593,720,737,569,556,1090,576,518,265,136,259,171,99,46,324,160,1382
Kariong,0,25,11,16,31,76,42,91,90,113,129,148,110,289,239,209,105,92,80,44,37,5,84,30,95
Kincumber - Picketts Valley,16,41,21,33,93,301,171,241,210,220,182,140,124,277,206,186,87,63,98,58,41,12,103,102,324
Narara,14,36,10,29,37,100,90,135,142,161,173,143,154,331,233,203,124,86,88,64,27,8,110,25,119
Niagara Park - Lisarow,7,37,19,30,54,129,94,128,139,175,199,162,153,333,244,217,147,97,98,105,59,9,139,31,172
Point Clare - Koolewong,7,29,19,35,70,169,130,153,162,157,158,128,135,257,218,181,93,66,102,69,54,11,86,41,272
Saratoga - Davistown,14,29,22,27,47,154,104,176,162,199,204,129,151,280,216,173,118,75,105,85,60,12,101,50,266
Terrigal - North Avoca,17,70,22,43,83,204,220,235,257,349,383,249,305,552,370,429,270,148,374,288,221,90,272,84,1159
Umina - Booker Bay - Patonga,55,137,96,140,267,848,693,825,762,820,803,575,533,1019,579,518,271,146,354,186,134,57,356,261,2100
Wamberal - Forresters Beach,9,49,22,21,42,146,125,186,210,228,218,158,177,356,281,295,204,101,201,172,173,64,187,47,484
Woy Woy - Blackwall,43,75,52,110,244,621,352,466,458,422,462,347,293,568,344,276,159,85,150,102,71,20,236,202,753
Wyoming,11,53,32,67,103,380,224,334,296,313,310,237,213,467,375,246,137,87,93,50,36,8,167,93,413
Bateau Bay - Killarney Vale,22,98,50,94,221,671,392,571,558,646,587,447,442,927,683,545,304,174,208,123,76,15,361,179,849
Blue Haven - San Remo,11,46,14,29,79,242,164,304,275,317,367,299,248,523,308,193,98,54,51,35,15,4,185,67,382
Budgewoi - Buff Point - Halekulani,21,59,25,55,107,329,294,350,307,328,317,217,206,405,238,194,90,43,63,30,24,9,168,99,570
Chittaway Bay - Tumbi Umbi,22,65,31,60,109,322,213,339,335,400,398,334,318,715,495,409,264,133,197,119,90,36,240,94,405
Gorokan - Kanwal - Charmhaven,42,118,57,113,246,779,489,693,734,754,716,513,482,861,501,345,186,100,116,82,45,14,373,262,1085
Jilliby - Yarramalong,6,12,6,11,13,28,18,39,36,54,52,38,52,93,107,90,59,37,62,64,51,28,69,20,179
Lake Munmorah - Mannering Park,19,85,27,47,133,371,459,526,403,366,335,253,210,417,251,150,100,55,66,40,27,6,193,156,568
Ourimbah - Fountaindale,5,20,11,16,26,70,59,73,93,92,119,103,100,205,146,127,82,55,96,50,30,15,84,37,140
Summerland Point - Gwandalan,11,46,20,24,55,187,120,218,176,169,214,144,143,286,172,123,77,36,48,32,19,9,119,39,442
The Entrance,35,111,56,113,260,615,524,577,605,583,566,352,375,641,355,284,164,83,153,86,66,24,255,236,2730
Toukley - Norah Head,24,56,26,60,151,413,313,362,312,363,320,221,203,334,232,169,108,40,83,49,30,18,184,136,705
Tuggerah - Kangy Angy,3,26,6,16,36,91,76,115,95,135,145,118,110,256,149,117,74,54,59,36,28,4,95,27,150
Warnervale - Wadalba,16,73,25,43,81,276,208,381,321,367,393,338,412,815,681,544,323,182,220,154,56,10,322,98,455
Wyong,18,58,25,47,138,311,198,256,306,294,279,186,176,318,212,142,87,48,60,43,24,10,160,116,417
Bathurst - East,14,43,27,40,81,213,156,241,251,296,291,263,231,524,384,272,182,106,136,83,46,15,252,73,386
Bathurst Surrounds,10,30,27,22,53,135,76,141,145,171,146,107,130,245,205,156,123,56,97,77,46,11,153,60,570
Oberon,11,23,19,29,54,156,88,134,126,134,145,121,113,192,113,93,56,22,39,18,19,8,97,59,661
Bathurst - South,14,63,30,73,151,368,316,329,405,426,367,276,231,451,218,166,97,37,80,35,28,18,172,123,877
Bathurst - West,17,42,22,48,108,265,196,278,290,398,412,319,324,638,464,345,232,144,165,104,68,28,286,97,509
Condobolin,18,40,30,49,66,208,109,195,181,175,157,143,142,219,125,101,37,21,38,16,24,12,140,102,752
Cowra,21,34,34,77,145,388,238,365,333,336,308,212,160,333,200,101,63,30,60,18,16,19,185,143,604
Cowra Surrounds,16,41,15,29,78,215,106,241,165,173,180,107,103,221,89,95,47,29,36,14,19,11,134,80,652
Forbes,33,43,40,47,111,328,188,360,286,333,292,176,192,368,221,187,92,43,99,56,32,23,218,138,799
Grenfell,13,30,25,24,58,149,90,138,141,131,124,89,62,105,75,43,18,10,23,12,11,10,80,60,339
Parkes (NSW),21,30,28,66,129,370,220,296,312,315,324,224,235,430,306,227,132,65,121,47,35,15,200,116,773
Parkes Surrounds,13,18,15,27,37,108,52,101,87,110,91,45,68,120,68,54,18,8,29,13,5,8,75,51,365
West Wyalong,19,33,23,35,58,174,104,165,157,171,152,113,124,247,132,110,52,24,61,24,15,13,165,118,806
Lithgow,28,61,61,116,212,620,313,435,427,414,381,283,218,433,247,192,103,56,130,66,46,25,201,172,867
Lithgow Surrounds,16,53,27,49,87,267,162,247,217,228,230,149,176,342,210,163,87,61,99,54,45,25,189,71,860
Mudgee,17,60,31,61,116,296,227,295,307,283,304,262,244,618,366,320,166,107,176,148,92,21,225,114,896
Mudgee Surrounds - East,8,35,19,43,61,219,92,139,124,116,89,74,57,103,64,37,22,7,20,11,4,6,70,66,477
Mudgee Surrounds - West,31,71,38,59,95,336,160,311,273,285,269,195,205,392,266,218,125,77,122,74,49,26,268,146,1181
Wollangambe - Wollemi,0,0,0,0,0,0,0,0,0,0,0,0,0,0,0,0,0,0,0,0,0,0,0,0,0
Blayney,16,34,22,40,64,167,121,189,186,183,222,156,148,313,218,160,106,52,62,41,39,23,175,70,434
Orange,25,94,67,109,257,621,459,511,575,635,593,437,432,778,455,373,234,100,218,118,94,39,326,244,1343
Orange - North,20,76,37,84,153,395,268,414,435,467,509,474,445,1020,746,619,405,219,344,242,157,48,403,129,805
Orange Surrounds,30,58,29,55,68,230,144,256,225,281,272,224,223,450,310,254,176,98,159,139,109,59,297,102,654
Grafton,40,87,45,129,284,727,551,701,652,755,628,453,386,714,373,248,141,66,101,59,26,20,339,225,998
Grafton Surrounds,35,117,50,89,191,483,278,580,519,518,480,315,343,558,332,237,110,59,101,42,32,15,383,150,1309
Maclean - Yamba - Iluka,35,94,79,127,199,713,520,836,763,738,640,412,411,621,345,245,122,68,122,61,49,33,368,245,1947
Bellingen,13,30,16,37,82,174,127,173,179,194,190,138,137,235,141,98,62,22,40,33,12,9,131,41,405
Coffs Harbour - North,30,75,51,136,214,613,521,565,552,620,674,428,393,671,422,268,171,95,132,63,52,33,335,206,910
Coffs Harbour - South,19,58,28,78,151,358,319,366,316,397,363,261,246,406,200,165,102,50,83,48,36,18,188,155,826
Coramba - Nana Glen - Bucca,4,14,8,16,43,57,66,77,73,98,105,68,91,186,93,83,42,23,40,17,21,5,112,23,176
Dorrigo,9,31,16,29,71,164,97,123,131,124,109,72,74,90,56,33,15,0,27,0,9,6,71,58,391
Korora - Emerald Beach,4,46,27,29,41,164,123,212,205,255,309,204,230,416,292,277,175,74,175,106,95,27,193,50,470
Sawtell - Boambee,19,74,48,99,201,583,455,675,588,655,637,444,426,822,530,371,203,129,137,112,65,29,360,173,819
Urunga,11,23,24,36,75,181,127,197,172,191,174,111,105,172,119,89,45,18,33,30,10,6,112,71,342
Woolgoolga - Arrawarra,25,60,40,69,127,374,380,466,438,481,485,334,301,572,380,259,148,86,88,65,36,31,281,146,799
Bourke - Brewarrina,13,14,13,23,48,81,49,82,91,86,90,48,63,132,57,73,24,19,48,13,10,8,90,89,613
Cobar,17,22,12,11,44,119,49,82,82,102,84,81,85,179,94,121,50,40,51,34,25,9,116,73,784
Coonamble,8,27,16,25,59,130,72,98,106,99,120,85,72,143,73,47,31,14,38,15,5,11,73,71,456
Nyngan - Warren,20,17,12,26,49,147,96,123,126,127,122,105,101,172,101,83,46,22,55,15,21,14,130,93,558
Walgett - Lightning Ridge,24,43,19,52,83,224,99,171,175,148,146,76,91,153,88,67,35,19,41,13,8,11,124,82,1020
Broken Hill,45,98,53,145,256,816,448,588,578,585,549,364,367,682,408,338,212,95,162,70,48,22,380,272,2007
Far West,16,26,9,15,30,71,39,68,76,76,67,45,48,91,29,31,24,10,28,10,8,10,57,55,410
Coonabarabran,26,61,25,49,106,358,160,261,235,253,239,155,157,258,124,79,45,21,57,18,20,21,144,134,1028
Dubbo - East,15,34,11,27,76,197,143,218,253,279,283,242,215,466,305,198,156,68,101,50,49,20,209,97,511
Dubbo - South,43,67,48,93,164,468,316,408,425,552,577,446,437,973,565,465,246,134,223,107,85,41,389,210,1109
Dubbo - West,14,44,18,34,69,199,141,241,241,277,249,221,198,423,260,199,120,76,115,61,68,21,235,109,503
Dubbo Surrounds,15,20,10,12,26,79,41,113,106,108,136,98,120,237,148,114,87,48,77,54,41,19,174,40,332
Gilgandra,19,26,25,22,62,145,87,131,127,154,146,77,91,144,85,59,33,16,20,8,6,4,99,89,498
Narromine,20,31,26,35,84,189,102,168,161,173,153,129,115,240,134,96,58,36,47,20,26,13,159,92,584
Wellington,23,37,15,64,93,301,172,247,246,240,251,152,157,253,148,126,67,30,41,22,17,5,183,125,771
Branxton - Greta - Pokolbin,16,63,25,26,44,164,119,217,236,258,295,214,256,573,399,369,245,143,210,118,122,50,260,73,720
Cessnock,25,110,50,109,240,701,511,712,715,693,642,488,437,838,502,354,201,104,140,112,58,26,365,227,1131
Cessnock Surrounds,15,59,34,28,61,166,119,164,174,206,220,179,172,371,271,219,138,64,119,79,68,33,192,58,601
Dungog,17,47,14,43,82,247,165,258,235,273,295,185,216,365,253,194,136,58,124,74,56,33,226,71,555
Kurri Kurri - Abermain,30,75,33,87,198,503,368,572,525,609,598,498,408,904,583,419,217,120,138,89,34,11,382,176,654
Singleton,29,65,37,79,126,339,239,311,297,365,383,307,321,745,471,470,285,138,282,183,133,37,352,111,707
Singleton Surrounds,14,25,13,20,20,82,50,97,97,112,112,67,80,183,140,120,106,35,102,61,49,20,128,38,435
Maitland,13,36,15,32,61,151,156,165,205,229,231,176,192,404,258,233,105,75,83,62,36,16,164,51,269
Maitland - North,8,30,12,17,26,118,72,154,124,168,180,142,134,353,252,273,181,103,149,124,125,29,162,33,195
East Maitland - Metford,20,65,29,73,169,438,349,431,481,507,488,418,392,801,507,361,275,135,198,134,112,29,304,146,555
Rutherford (North) - Aberglasslyn,25,47,39,42,102,333,183,380,409,405,425,336,369,805,551,431,236,129,180,152,92,25,362,108,464
Rutherford (South) - Telarah,11,30,16,45,76,220,142,206,195,237,258,188,207,385,236,157,69,41,38,25,20,7,155,71,369
Tenambit - East Maitland,16,39,25,54,87,316,236,319,294,322,311,226,209,450,275,244,139,64,104,62,57,9,177,70,364
Thornton - Millers Forest,8,56,20,32,43,178,107,234,224,278,348,326,323,771,618,500,313,163,202,142,94,20,306,58,327
Anna Bay,13,38,27,32,66,163,195,252,172,210,240,138,113,242,156,125,62,33,57,46,29,14,115,48,533
Lemon Tree Passage - Tanilba Bay,12,55,17,34,75,268,189,284,257,272,222,136,149,254,144,101,51,25,42,19,10,5,137,58,399
Nelson Bay Peninsula,54,161,81,131,237,690,572,817,740,814,771,500,480,921,487,374,221,130,238,155,98,58,446,238,3952
Raymond Terrace,25,58,27,67,158,454,324,442,427,548,503,352,300,569,347,219,122,61,70,39,20,11,290,155,621
Seaham - Woodville,6,17,21,7,7,50,36,73,81,109,126,97,82,197,171,160,115,56,99,79,63,19,143,23,131
Tea Gardens - Hawks Nest,17,37,35,47,77,237,169,332,268,267,267,149,105,194,84,99,39,21,53,22,29,16,103,68,1333
Williamtown - Medowie - Karuah,26,56,33,48,93,248,215,309,324,368,372,306,296,617,431,396,216,104,141,104,62,19,314,127,512
Muswellbrook,16,74,23,60,127,286,223,289,298,341,275,276,262,579,302,304,141,91,174,86,59,21,249,134,878
Muswellbrook Surrounds,8,23,12,18,36,84,72,78,79,108,98,67,73,157,89,121,63,32,65,36,26,10,101,42,281
Scone,16,32,17,35,55,162,116,150,129,185,187,115,126,248,161,157,97,56,77,33,30,12,123,66,311
Scone Surrounds,26,48,35,66,76,251,159,246,209,241,241,165,149,352,196,160,98,40,81,37,38,10,209,91,858
Dapto - Avondale,40,99,36,117,201,691,483,744,654,704,735,544,519,1037,679,509,322,170,184,126,63,24,339,167,639
Horsley - Kembla Grange,13,31,16,23,40,110,77,174,158,218,235,213,201,565,464,398,273,129,145,117,54,19,188,38,148
Port Kembla Industrial,0,0,0,0,0,0,0,0,0,0,0,0,0,0,0,0,0,0,0,0,0,0,0,0,0
Unanderra - Mount Kembla,14,57,40,65,132,361,184,300,306,301,328,264,266,588,473,401,264,156,238,179,110,42,223,94,330
Berkeley - Lake Heights - Cringila,42,90,48,96,185,482,266,407,391,402,394,306,294,488,329,228,127,80,84,45,25,13,201,137,545
Port Kembla - Warrawong,25,69,32,106,174,431,224,322,288,298,296,180,172,333,205,150,93,55,72,44,21,9,129,104,604
Windang - Primbee,16,35,15,38,60,179,201,158,136,122,115,76,73,151,105,86,37,27,38,39,14,3,64,57,357
Illawarra Catchment Reserve,0,0,0,0,0,0,0,0,0,0,0,0,0,0,0,0,0,0,0,0,0,0,0,0,0
Albion Park - Macquarie Pass,17,67,18,56,70,231,176,330,344,361,417,348,415,897,683,602,365,177,169,154,87,26,325,89,316
Albion Park Rail,4,30,13,28,78,226,121,210,196,180,205,194,154,293,195,124,67,35,35,33,18,0,106,44,214
Kiama,14,59,23,44,58,244,174,239,225,285,280,198,194,401,223,214,116,72,173,103,60,30,153,53,794
Kiama Downs - Minnamurra,0,18,6,16,28,91,58,108,139,154,147,102,105,228,193,150,120,65,99,88,48,14,120,21,263
Kiama Hinterland - Gerringong,9,27,16,26,42,133,104,162,165,208,223,111,164,331,219,221,126,80,162,120,100,46,160,60,905
Shellharbour - Flinders,23,77,30,56,105,269,199,355,379,390,397,307,357,715,615,591,367,209,341,226,172,39,324,93,533
Shellharbour - Oak Flats,15,56,12,44,84,283,181,311,276,337,296,222,211,436,278,237,150,90,93,72,47,24,168,66,308
Warilla,35,134,49,160,292,740,498,691,656,636,630,438,414,764,468,365,155,97,116,84,50,19,342,225,837
Balgownie - Fairy Meadow,33,116,49,115,256,611,393,501,510,559,523,377,388,775,588,540,371,193,325,288,158,62,330,155,765
Corrimal - Tarrawanna - Bellambi,25,58,66,108,230,543,368,436,438,479,454,340,325,621,452,387,246,138,193,134,79,28,297,146,597
Figtree - Keiraville,23,96,56,83,160,413,351,408,409,516,488,384,352,795,636,552,413,220,354,293,232,61,356,102,559
Helensburgh,9,27,16,17,40,86,65,112,122,120,149,125,172,325,326,271,216,139,190,132,129,40,148,32,224
Thirroul - Austinmer - Coalcliff,8,44,27,32,60,148,120,159,192,200,251,191,203,450,287,323,218,155,325,298,250,93,197,42,528
Woonona - Bulli - Russell Vale,28,76,41,92,222,499,267,433,414,411,444,341,364,755,538,536,401,254,407,309,271,62,318,122,595
Wollongong - East,25,124,46,121,243,484,367,432,469,642,636,497,477,1010,491,426,253,118,321,136,104,53,308,101,1495
Wollongong - West,21,90,54,122,203,366,287,394,416,465,509,370,378,699,448,403,253,139,197,160,127,35,346,125,918
Bulahdelah - Stroud,19,39,9,30,63,163,109,210,156,154,165,98,103,164,103,82,47,13,47,19,15,17,120,83,500
Forster,33,91,66,111,221,682,457,736,618,593,511,320,320,506,281,209,107,56,103,56,40,28,274,250,1839
Forster-Tuncurry Surrounds,30,53,28,49,87,217,175,286,223,238,239,151,140,226,133,100,64,28,69,40,33,29,150,108,1425
Tuncurry,13,43,29,61,104,382,298,385,298,308,242,120,104,199,91,60,27,17,22,11,17,5,101,150,780
Kempsey,23,67,44,100,180,522,359,533,495,480,443,296,257,469,261,167,82,50,50,35,13,17,256,188,810
Kempsey Surrounds,21,57,32,64,131,361,193,359,314,312,316,240,198,340,186,133,84,30,56,25,25,19,212,124,930
Macksville - Scotts Head,8,40,19,46,63,229,153,205,220,169,190,100,100,150,95,84,25,10,40,14,11,4,111,69,365
Nambucca Heads,17,50,28,71,135,420,319,368,285,274,237,162,135,201,99,67,32,14,38,12,3,3,121,209,565
Nambucca Heads Surrounds,17,38,26,55,101,274,202,314,271,271,276,149,151,235,149,112,78,33,56,25,17,11,178,97,496
South West Rocks,10,39,36,37,80,239,178,311,266,255,235,123,99,197,124,88,42,15,39,21,19,13,84,93,738
Lord Howe Island,0,3,0,5,0,5,11,0,12,20,15,9,16,24,16,6,6,0,0,4,0,0,11,3,76
Laurieton - Bonny Hills,35,120,74,125,196,746,593,897,718,722,727,392,373,615,398,286,162,87,132,63,46,15,303,208,1062
Port Macquarie - West,39,123,52,135,271,768,616,781,742,751,740,452,453,802,520,334,190,100,143,91,74,29,336,267,1104
Port Macquarie Surrounds,17,19,14,33,52,133,90,168,130,161,181,114,126,163,119,74,57,25,37,31,19,10,111,55,304
Wauchope,18,58,36,50,116,345,220,396,353,391,419,270,251,491,320,218,111,74,74,56,42,15,215,113,411
Port Macquarie - East,12,59,33,67,139,336,347,370,398,442,429,300,272,520,301,253,139,94,171,113,81,26,185,104,1013
Port Macquarie - South,29,90,50,86,163,464,386,567,547,566,573,350,372,674,441,385,228,109,189,131,87,37,267,136,607
Gloucester,6,32,26,37,91,247,143,231,184,204,211,137,109,181,83,59,33,20,39,23,6,6,107,77,511
Old Bar - Manning Point - Red Head,20,65,43,53,129,381,284,495,444,452,460,292,272,467,271,221,121,48,94,55,44,29,258,132,934
Taree,46,97,76,160,335,881,615,865,716,761,665,402,412,680,365,233,143,55,98,50,28,26,356,339,1051
Taree Surrounds,46,101,59,76,164,514,307,557,495,514,450,279,249,430,262,139,78,60,83,39,45,16,276,147,1046
Wingham,8,33,17,30,71,232,127,190,200,173,211,113,128,193,100,56,32,14,25,7,5,4,101,63,232
Albury - East,21,67,30,72,107,306,296,381,368,487,488,450,394,861,583,464,275,157,203,111,99,39,294,104,651
Albury - North,16,36,25,69,122,320,242,330,310,348,377,251,237,455,262,177,106,42,74,45,20,8,198,99,605
Albury - South,16,56,30,82,140,337,261,299,325,346,340,242,250,479,262,256,146,71,153,94,78,36,169,112,841
Albury Surrounds,25,51,37,55,79,307,179,311,276,323,336,224,237,489,311,267,170,80,100,84,43,22,261,138,881
Lavington,27,66,36,125,215,591,526,563,578,584,532,387,336,642,364,222,111,54,54,28,17,4,255,224,850
Hay,11,17,14,23,36,109,56,89,85,82,87,67,62,122,60,31,17,14,26,8,10,7,98,56,372
Wentworth - Buronga,14,44,14,45,65,156,110,181,185,166,168,110,128,240,126,119,77,35,52,36,27,16,156,92,618
Wentworth-Balranald Region,13,8,9,20,33,87,59,82,82,101,85,61,84,147,77,50,33,16,20,19,0,15,74,62,538
Corowa,13,38,20,48,89,238,193,196,196,208,194,142,124,227,124,82,41,21,31,19,6,0,96,95,436
Corowa Surrounds,19,42,25,50,62,246,158,264,193,229,199,161,157,288,169,136,61,21,44,26,7,13,167,111,758
Deniliquin,10,28,26,43,108,251,177,255,232,257,227,160,134,275,158,115,55,37,54,20,21,16,154,116,638
Deniliquin Surrounds,22,42,34,48,81,211,135,216,198,238,234,139,147,230,129,89,47,19,52,26,17,21,144,116,895
Moama,19,26,11,32,51,188,152,240,218,204,208,125,132,270,160,147,102,32,67,42,23,10,160,70,494
Tocumwal - Finley - Jerilderie,20,59,23,57,106,377,243,388,305,328,308,187,196,344,194,147,73,33,62,31,24,24,180,177,939
Armidale,20,97,72,146,246,587,500,642,666,696,698,535,533,984,561,434,278,138,250,142,110,34,382,166,1542
Armidale Surrounds - North,11,23,15,31,44,141,79,172,127,123,132,98,97,146,86,60,29,13,28,24,21,13,94,57,536
Armidale Surrounds - South,9,18,25,34,58,183,108,185,173,175,198,140,130,248,130,118,70,38,51,39,34,5,106,29,400
Walcha,8,26,10,35,42,120,63,106,89,96,95,72,58,131,66,36,21,8,23,13,17,12,62,49,443
Glen Innes,42,45,50,86,167,457,241,399,308,269,269,175,187,279,147,90,60,32,53,22,18,10,173,145,886
Inverell,27,73,36,74,156,428,282,414,414,374,393,262,268,465,238,161,120,52,58,33,23,14,205,155,751
Inverell Surrounds - East,13,24,14,41,66,173,92,188,176,137,158,99,104,157,69,65,21,13,20,6,5,10,118,76,559
Inverell Surrounds - West,28,39,22,44,68,237,118,224,206,207,169,105,113,172,84,67,32,17,25,22,8,10,150,86,547
Tenterfield,23,51,34,84,140,391,227,306,252,247,231,134,135,201,96,71,36,19,41,8,13,13,126,128,963
Moree,12,38,19,45,62,175,129,187,198,213,209,162,161,319,202,160,70,42,78,48,33,20,163,156,1016
Moree Surrounds,14,15,9,14,37,106,60,87,86,118,105,93,78,172,99,66,55,34,44,32,25,21,127,96,947
Narrabri,15,36,22,43,73,168,124,169,192,206,159,140,139,310,190,178,97,53,85,43,22,12,133,121,548
Narrabri Surrounds,15,25,13,27,40,108,80,102,99,120,112,83,79,166,95,74,50,29,38,21,16,18,106,62,516
Gunnedah,14,29,20,58,86,278,182,259,234,245,257,197,216,385,256,220,139,59,130,70,48,11,182,126,721
Gunnedah Surrounds,16,19,15,19,31,108,64,84,102,117,115,78,87,195,91,93,62,23,48,44,10,17,83,61,473
Quirindi,13,43,26,52,100,274,149,252,247,250,211,150,128,271,117,132,66,31,65,25,15,14,152,120,782
Tamworth - East,47,79,64,122,214,556,426,628,610,762,671,469,510,918,558,410,212,122,143,128,55,25,367,226,1108
Tamworth - North,26,75,32,81,172,441,347,394,450,497,501,382,401,775,463,361,173,120,171,97,74,33,261,190,904
Tamworth - West,11,16,17,41,64,134,116,164,170,174,166,107,106,221,111,72,33,18,20,8,11,8,101,56,492
Tamworth Surrounds,52,91,58,99,192,534,296,576,471,524,534,342,372,724,478,426,204,127,170,118,86,44,387,213,1218
Belmont - Bennetts Green,18,93,49,103,176,490,357,466,465,499,505,348,311,725,539,447,296,139,225,135,123,43,285,137,563
Belmont South - Blacksmiths,11,37,21,35,73,226,162,193,186,195,191,126,106,217,127,129,61,31,48,38,27,9,113,52,314
Charlestown - Dudley,28,93,60,91,188,638,337,527,619,680,669,519,473,1086,761,744,488,243,347,275,172,62,441,164,781
Glendale - Cardiff - Hillsborough,21,116,41,86,205,546,373,523,525,635,624,523,526,1192,826,661,414,222,267,192,156,33,413,113,608
Mount Hutton - Windale,19,38,27,79,141,388,224,274,289,272,237,186,180,371,223,185,90,55,63,49,18,12,136,106,373
Redhead,5,22,6,20,35,109,138,91,65,69,77,29,56,93,90,88,63,39,70,70,53,17,66,45,108
Swansea - Caves Beach,24,74,41,80,121,395,278,356,344,374,373,284,255,464,297,309,158,88,174,130,80,27,227,118,891
Valentine - Eleebana,14,45,21,39,54,207,132,221,217,290,270,229,190,500,376,368,247,161,223,209,181,55,183,45,242
Warners Bay - Boolaroo,15,88,30,70,117,422,265,374,382,426,414,290,281,615,419,397,262,125,185,173,133,44,257,111,493
Bolton Point - Teralba,10,41,19,47,111,270,173,275,265,285,273,195,194,438,288,204,117,64,82,73,46,9,164,63,353
Bonnells Bay - Silverwater,9,58,32,41,81,225,169,266,248,330,293,226,217,437,268,216,100,63,82,61,26,12,177,58,550
Edgeworth - Cameron Park,15,45,22,55,72,313,199,273,311,319,341,290,329,754,608,493,308,163,160,116,59,12,277,101,329
Morisset - Cooranbong,38,98,51,90,167,468,432,548,503,495,487,326,310,706,455,350,240,106,167,126,71,34,315,185,782
Toronto - Awaba,33,72,40,76,141,420,321,438,369,426,430,319,279,516,385,269,183,86,152,110,93,30,255,142,554
Wangi Wangi - Rathmines,14,28,23,38,71,203,170,274,238,315,301,196,208,393,253,233,119,85,128,85,47,10,175,61,459
West Wallsend - Barnsley - Killingworth,3,31,22,15,52,125,82,178,161,197,187,146,154,357,238,213,83,59,44,38,24,4,149,39,153
Adamstown - Kotara,19,48,30,53,118,343,220,280,322,369,417,314,311,679,483,553,348,222,286,236,186,28,304,81,478
Beresfield - Hexham,14,39,33,54,79,288,191,293,308,272,267,214,201,337,196,136,80,29,33,21,12,8,174,68,269
Hamilton - Broadmeadow,20,61,46,105,172,382,271,269,285,343,358,265,260,539,336,291,228,123,237,174,154,62,257,88,950
Lambton - New Lambton,21,63,38,73,156,432,324,371,394,431,435,326,323,682,461,507,315,191,316,262,214,65,327,102,563
Maryland - Fletcher - Minmi,13,59,27,27,57,170,128,252,248,323,355,321,300,734,590,494,320,171,207,151,84,18,308,55,290
Mayfield - Warabrook,18,83,38,88,208,446,298,347,391,458,473,387,392,757,459,459,243,130,160,105,56,11,292,108,691
Merewether - The Junction,10,51,34,71,113,251,188,229,243,317,337,228,246,581,381,370,253,185,353,321,351,162,292,62,641
Newcastle - Cooks Hill,14,69,41,97,175,293,225,243,309,389,410,392,363,771,369,414,242,115,396,197,233,94,316,105,1585
Newcastle Port - Kooragang,0,0,0,0,0,0,0,0,0,0,0,0,3,0,0,3,0,0,0,0,0,0,4,3,3
Shortland - Jesmond,20,80,22,83,137,336,218,261,356,372,353,258,265,476,297,182,83,65,53,37,8,5,226,95,555
Stockton - Fullerton Cove,9,44,26,37,112,242,246,289,247,266,241,175,158,341,231,209,124,83,132,77,46,18,167,81,463
Wallsend - Elermore Vale,26,108,55,92,227,649,396,566,611,594,589,490,425,886,613,452,310,150,187,131,98,22,376,153,697
Waratah - North Lambton,17,68,33,73,125,357,232,286,320,331,355,280,275,601,390,362,226,101,115,91,47,10,242,91,540
Wickham - Carrington - Tighes Hill,11,54,23,41,96,196,135,174,230,266,278,225,251,510,314,330,187,101,182,101,70,9,184,40,535
Ballina,33,101,79,132,272,790,592,725,735,693,636,441,425,741,434,313,179,73,135,89,54,40,295,305,1044
Ballina Surrounds,22,59,54,62,111,402,310,470,476,544,596,393,393,781,484,380,234,135,193,122,120,51,388,122,679
Bangalow,9,20,11,18,24,88,86,110,118,136,152,101,130,258,164,154,97,52,133,104,88,55,156,43,517
Brunswick Heads - Ocean Shores,8,33,38,52,87,240,214,226,242,312,275,261,226,428,232,171,92,40,78,39,43,18,237,68,749
Byron Bay,23,67,26,44,87,231,229,199,232,259,270,213,219,450,296,232,148,87,206,125,107,66,299,104,1562
Evans Head,14,29,27,27,86,182,177,260,230,220,206,124,120,205,123,79,46,29,36,15,10,6,107,83,556
Lennox Head - Skennars Head,11,37,14,28,48,107,164,169,178,229,230,188,180,411,296,254,147,86,172,134,88,41,177,45,458
Mullumbimby,14,49,23,44,94,218,192,208,227,252,278,166,176,274,192,135,81,46,84,48,41,28,205,65,736
Casino,17,47,39,58,148,498,362,455,430,454,395,305,245,412,213,150,75,39,31,32,11,11,197,174,643
Casino Surrounds,21,31,31,52,80,248,118,240,237,244,179,133,129,235,155,85,51,31,45,25,12,14,164,65,569
Goonellabah,14,36,35,77,144,443,315,446,441,460,452,295,302,621,377,220,143,70,98,54,41,21,186,118,498
Kyogle,22,36,28,76,135,352,212,279,281,294,229,175,146,244,118,82,41,20,36,22,18,11,159,96,644
Lismore,16,59,35,113,264,590,517,471,516,572,516,383,368,626,350,217,119,47,78,44,34,9,248,129,872
Lismore Surrounds,18,61,48,67,158,393,269,372,388,448,486,326,306,607,424,308,186,89,163,101,63,33,354,114,1033
Kingscliff - Fingal Head,27,86,44,63,127,328,407,405,389,412,411,300,279,544,343,357,189,122,247,181,137,48,312,188,1143
Murwillumbah,17,43,30,59,116,361,302,311,303,313,332,210,188,377,180,127,68,27,35,22,12,8,177,105,453
Murwillumbah Surrounds,5,38,33,52,97,237,150,295,264,305,288,194,201,362,234,169,94,55,83,50,36,22,243,93,765
Pottsville,18,72,30,54,122,314,287,400,348,428,403,315,279,592,380,281,161,76,127,87,46,17,280,111,877
Tweed Heads,39,107,81,137,240,765,644,762,761,793,749,470,435,784,463,350,182,99,148,99,55,35,417,308,1526
Banora Point,30,81,58,92,149,556,339,538,480,526,526,341,320,627,443,310,192,87,113,87,38,22,301,168,542
Terranora - North Tumbulgum,7,11,11,9,18,33,24,65,54,75,70,49,73,127,89,90,58,34,59,31,27,7,55,9,91
Tweed Heads South,21,64,24,77,144,386,363,429,378,321,320,175,171,289,154,115,46,22,46,12,6,7,148,211,424
Griffith (NSW),38,67,47,83,165,450,231,406,439,538,553,439,469,954,593,425,278,136,171,126,85,34,366,184,1019
Griffith Surrounds,29,49,28,41,96,235,149,227,296,360,325,268,289,528,297,227,152,72,118,96,30,41,289,147,974
Leeton,24,52,19,61,101,264,178,248,274,266,316,209,224,405,255,190,111,51,79,42,30,20,176,81,570
Narrandera,13,31,21,32,69,214,135,209,170,182,206,122,116,206,108,94,37,20,29,18,5,12,121,86,546
Tumbarumba,11,19,16,13,36,102,66,115,96,105,111,69,75,148,90,62,38,20,18,9,20,14,83,48,339
Tumut,14,28,14,47,75,256,142,222,201,209,215,155,129,251,166,107,60,35,48,25,21,9,153,89,402
Tumut Surrounds,3,28,16,24,40,138,96,133,140,125,128,96,107,203,121,95,49,25,52,30,16,14,116,55,474
Cootamundra,22,48,23,67,119,338,197,342,276,277,232,170,140,258,153,115,62,22,66,30,33,20,138,94,552
Gundagai,3,14,13,30,42,106,70,105,81,112,86,78,84,137,79,72,29,18,22,16,10,16,90,70,355
Junee,11,33,14,20,51,168,118,153,166,160,150,124,133,203,145,116,65,30,43,30,17,8,108,64,379
Temora,13,34,23,47,81,273,170,233,201,225,211,142,153,226,143,106,51,30,57,24,14,13,141,81,538
Wagga Wagga - East,27,48,48,71,109,341,258,376,403,476,510,358,405,697,497,412,245,125,202,124,104,48,352,132,659
Wagga Wagga - North,3,13,7,17,22,72,57,80,89,123,106,111,112,250,173,151,96,52,52,30,28,6,104,37,215
Wagga Wagga - South,20,84,36,119,199,547,379,510,516,645,641,521,530,1005,636,516,312,168,192,135,90,36,403,201,904
Wagga Wagga - West,24,57,35,96,176,399,327,362,399,451,422,287,289,535,251,215,105,56,116,72,64,24,214,157,848
Wagga Wagga Surrounds,30,54,48,55,117,345,198,339,378,427,470,304,380,750,522,391,210,106,145,102,75,60,404,180,936
Berry - Kangaroo Valley,24,43,45,52,83,294,240,304,257,305,284,194,205,361,238,218,134,55,180,104,107,52,178,116,993
Callala Bay - Currarong,6,39,24,23,29,119,89,123,127,161,128,72,74,140,82,87,45,29,44,17,28,8,74,9,1517
Culburra Beach,19,37,14,34,62,205,139,206,186,189,203,122,116,194,118,102,38,21,49,38,26,17,94,62,1231
Ettrema - Sassafras - Budawang,0,0,0,0,5,5,0,3,3,0,0,0,0,3,5,0,3,0,0,0,0,0,0,0,20
Huskisson - Vincentia,5,27,26,20,50,127,94,153,156,176,161,121,116,236,142,129,53,49,90,39,39,24,69,45,1510
North Nowra - Bomaderry,24,61,40,77,155,474,380,514,471,506,562,362,338,637,433,286,187,93,124,93,66,33,250,147,656
Nowra,34,83,49,137,233,611,471,622,626,683,702,466,467,806,476,356,175,95,130,82,47,15,367,249,1066
St Georges Basin - Erowal Bay,27,126,53,71,191,589,385,708,549,544,555,367,340,569,299,179,117,66,57,38,24,12,277,172,1957
Sussex Inlet - Berrara,15,56,25,27,67,268,172,266,174,184,185,91,97,133,75,54,27,19,25,14,7,7,77,110,1275
Tomerong - Wandandian - Woollamia,6,11,11,13,26,60,52,91,65,88,103,79,80,143,98,75,58,40,34,29,13,17,63,32,251
Ulladulla,28,109,65,102,185,637,513,677,575,664,601,404,371,686,385,245,137,51,125,76,59,33,289,189,2393
Ulladulla Surrounds,16,57,32,50,76,216,120,250,201,233,208,139,134,217,117,94,42,22,51,33,29,29,127,64,1789
Bowral,20,83,67,72,96,320,229,361,378,423,415,269,314,514,323,290,168,91,344,232,199,96,236,127,770
Hill Top - Colo Vale,8,28,8,15,35,103,45,119,118,146,166,119,146,297,202,169,97,54,66,46,27,9,139,32,189
Mittagong,10,64,26,53,93,290,180,261,269,313,330,210,203,469,328,297,162,80,150,105,85,39,160,76,468
Moss Vale - Berrima,20,43,36,45,93,289,201,270,287,300,279,225,229,439,280,247,129,69,135,99,86,37,200,97,509
Robertson - Fitzroy Falls,8,20,18,23,18,58,30,81,67,104,108,67,82,132,127,76,53,25,90,53,60,51,95,38,386
Southern Highlands,16,55,29,39,66,153,125,180,189,222,209,146,162,266,168,164,93,34,158,97,86,63,152,49,656
Baulkham Hills - East,18,112,53,74,89,304,211,328,336,399,430,434,421,981,691,721,539,310,609,435,381,71,303,103,688
Baulkham Hills (West) - Bella Vista,15,86,59,42,58,154,132,241,230,295,329,298,304,665,507,565,397,290,568,543,524,212,300,67,515
Glenhaven,8,29,30,15,22,80,65,95,125,124,120,75,79,181,117,142,109,80,149,140,194,89,86,32,93
West Pennant Hills,9,62,25,22,23,96,88,85,116,141,211,120,146,338,268,244,225,171,347,335,439,215,200,35,161
Castle Hill - Central,6,45,21,16,29,97,76,92,110,127,170,110,138,312,225,199,141,85,216,152,130,29,111,17,187
Castle Hill - East,10,25,14,20,35,110,142,103,91,92,81,65,51,126,86,102,80,57,132,115,119,50,72,44,288
Castle Hill - North,7,66,29,36,47,104,100,140,150,156,185,173,150,377,274,294,216,146,305,297,317,112,181,35,274
Castle Hill - South,9,54,19,29,33,81,91,135,110,191,184,174,179,363,281,262,221,143,252,195,206,75,139,40,280
Castle Hill - West,8,11,7,7,11,40,26,29,48,56,46,44,61,128,104,137,120,70,154,152,140,52,67,15,56
Cherrybrook,9,55,35,29,54,170,137,212,212,247,324,225,214,539,423,489,337,254,557,494,483,144,256,54,269
Kellyville - East,6,64,25,25,33,126,84,176,145,177,204,189,224,532,423,480,389,257,456,421,401,110,271,47,223
Kellyville - West,10,45,10,16,24,67,71,93,117,151,174,126,141,380,280,289,216,175,309,271,286,101,147,40,313
Dural - Kenthurst - Wisemans Ferry,28,106,58,61,61,214,172,234,291,348,347,272,290,620,459,468,378,224,459,473,507,292,363,106,646
Galston - Laughtondale,9,32,13,21,28,67,38,85,89,96,100,72,86,144,139,113,71,56,134,101,120,56,85,27,187
Bilpin - Colo - St Albans,3,20,15,10,23,61,28,67,51,68,74,57,45,130,78,72,27,24,43,32,20,18,54,24,504
Kurrajong Heights - Ebenezer,23,80,38,46,94,232,160,299,298,379,430,338,398,905,650,591,409,273,373,334,256,94,362,107,464
Pitt Town - McGraths Hill,17,53,18,28,34,145,75,130,150,187,221,178,191,379,318,308,209,130,178,181,161,51,190,78,299
Box Hill - Nelson,4,24,4,13,8,25,30,57,64,85,131,127,137,386,371,361,287,161,249,180,150,38,138,29,195
North Kellyville,16,44,14,18,22,71,48,100,99,211,217,190,220,564,447,519,377,280,477,423,372,80,230,46,363
Rouse Hill - Beaumont Hills,3,48,25,30,37,86,50,114,120,154,210,168,206,523,439,528,401,270,511,446,406,86,236,41,234
Blacktown (East) - Kings Park,27,106,33,67,125,286,178,294,350,431,507,378,387,830,491,399,237,127,149,101,68,11,247,95,987
Blacktown (North) - Marayong,31,118,45,88,168,363,215,366,369,440,512,393,391,837,575,468,307,149,185,140,93,22,321,115,731
Doonside - Woodcroft,27,115,45,94,169,313,190,373,330,383,466,408,369,899,659,547,335,226,242,215,153,34,339,142,620
Lalor Park - Kings Langley,34,153,52,121,251,490,258,406,430,556,499,450,421,1007,725,647,487,269,391,275,182,40,339,167,878
Blacktown - South,21,65,16,53,89,218,147,200,216,286,297,266,284,491,354,311,166,97,108,80,54,12,192,74,392
Blacktown - West,23,88,24,49,77,229,171,281,311,307,437,355,330,740,512,348,267,135,127,106,58,8,227,100,662
Seven Hills - Prospect,21,85,30,63,120,247,141,260,240,300,329,292,276,615,466,385,262,170,164,141,85,25,225,67,460
Toongabbie - West,21,64,17,46,80,174,116,184,177,228,226,173,206,523,335,309,205,119,140,123,82,18,167,60,411
Glenwood,4,40,8,10,29,95,67,122,116,155,186,181,171,486,401,446,394,282,374,345,290,60,227,27,147
Acacia Gardens,0,10,6,5,11,27,13,41,32,42,42,40,57,148,117,138,93,82,72,56,49,7,42,11,24
Quakers Hill,19,66,30,52,88,186,122,241,257,379,486,409,435,1079,875,740,528,307,435,312,196,23,283,83,509
Kellyville Ridge - The Ponds,7,61,17,21,24,86,59,114,150,218,220,226,246,619,541,677,540,343,599,447,387,70,245,66,295
Marsden Park - Shanes Park,10,24,4,9,29,80,95,102,96,150,220,197,216,647,588,593,386,206,302,171,125,29,157,49,261
Riverstone,13,59,13,24,54,135,94,170,162,225,244,247,275,673,487,439,276,161,186,136,68,22,169,63,432
Schofields (West) - Colebee,0,16,8,7,16,32,20,44,57,71,101,111,139,318,312,348,275,164,276,194,153,34,116,31,174
Schofields - East,20,72,16,23,38,73,73,156,198,322,419,380,379,1199,820,899,617,357,567,357,278,40,270,83,951
Stanhope Gardens - Parklea,6,25,14,20,31,84,121,96,94,142,163,139,143,405,309,369,270,178,340,230,184,54,153,46,189
Bidwill - Hebersham - Emerton,42,99,43,101,214,440,324,503,423,475,487,337,303,539,352,232,94,71,44,46,17,19,270,172,872
Glendenning - Dean Park,0,21,8,17,22,87,55,111,114,165,176,166,167,398,283,207,120,54,64,58,27,3,125,31,175
Hassall Grove - Plumpton,20,88,22,41,67,182,125,245,271,387,429,394,363,878,605,520,348,213,192,147,97,14,332,70,410
Lethbridge Park - Tregear,41,97,42,112,235,501,289,462,467,477,516,371,346,775,444,354,188,115,116,80,51,15,325,198,1002
Mount Druitt - Whalan,28,128,39,89,219,437,333,479,532,612,647,486,423,793,461,303,176,100,100,77,36,20,335,172,1137
Prospect Reservoir,0,0,0,0,0,0,0,0,0,0,6,4,0,9,0,0,0,0,0,0,0,0,0,8,0
Rooty Hill - Minchinbury,25,93,34,59,120,255,186,296,317,392,466,370,366,894,663,516,359,223,176,182,110,25,327,98,588
Banksmeadow,0,6,0,3,0,3,5,5,8,13,8,17,18,42,17,19,12,3,11,7,8,0,3,0,68
Botany,14,73,18,42,78,175,97,170,170,227,265,219,259,609,383,448,298,173,317,220,213,40,182,90,646
Pagewood - Hillsdale - Daceyville,21,136,45,80,182,328,166,265,308,386,367,333,315,644,407,378,248,143,258,178,138,52,247,114,928
Port Botany Industrial,0,0,0,0,0,0,0,0,0,0,0,0,0,0,0,0,0,0,0,0,0,0,0,0,5
Sydney Airport,0,0,0,0,0,0,0,0,0,0,0,0,0,0,0,0,0,0,0,0,0,0,0,0,4
Eastlakes,17,60,36,79,146,293,159,243,211,226,239,172,172,315,220,178,101,73,102,102,71,21,132,80,547
Mascot,24,288,54,70,97,208,167,233,334,412,514,464,447,1082,729,702,497,279,449,289,287,57,389,105,1421
Petersham - Stanmore,18,104,33,82,182,295,226,309,320,453,496,460,404,941,450,608,378,239,615,455,611,214,327,81,1361
Sydenham - Tempe - St Peters,7,41,10,21,44,113,63,109,109,144,159,150,132,382,221,289,227,129,273,186,197,45,130,27,401
Marrickville - North,14,75,14,39,82,203,116,182,200,242,272,234,234,543,352,371,284,195,357,230,273,72,214,52,605
Marrickville - South,17,75,43,61,144,268,191,241,279,383,376,330,333,703,432,370,291,138,325,237,221,60,238,80,865
Darlinghurst,11,98,27,42,100,149,155,196,245,327,300,269,307,692,196,368,170,98,687,243,367,175,167,81,1460
Erskineville - Alexandria,19,92,34,61,108,160,159,163,233,284,404,418,447,1382,553,815,526,351,975,513,730,210,327,81,1383
Glebe - Forest Lodge,35,242,71,185,358,476,324,369,428,516,503,449,444,1062,442,598,343,219,863,419,520,240,326,146,2088
Potts Point - Woolloomooloo,29,164,51,108,245,368,370,372,515,711,654,594,623,1409,356,626,252,168,1165,323,517,222,251,179,3207
Surry Hills,25,96,46,133,258,331,202,243,279,341,377,373,376,1064,361,537,258,204,872,333,542,197,319,128,1849
Camperdown - Darlington,0,46,14,27,59,81,60,70,106,116,154,150,173,379,191,226,148,89,261,126,214,78,169,16,604
Chippendale,29,369,55,62,115,104,166,135,177,265,260,217,224,468,208,189,113,71,223,80,79,40,118,58,1057
Newtown (NSW),10,93,34,71,127,237,177,204,271,346,359,333,354,789,389,462,351,220,541,328,407,142,285,67,1120
Pyrmont,19,104,19,53,91,145,125,136,188,287,313,294,285,759,313,454,255,152,637,265,331,154,197,84,1298
Redfern,16,92,46,157,311,442,185,215,259,265,262,261,253,648,292,445,240,154,481,311,360,117,275,136,1403
Rosebery - Beaconsfield,13,192,26,56,54,106,85,152,169,251,283,288,280,790,416,442,326,176,384,252,245,85,166,74,883
Sydney (North) - Millers Point,10,109,21,28,35,72,74,79,121,180,206,231,218,562,168,299,118,74,663,171,226,149,142,122,2340
Sydney (South) - Haymarket,31,400,61,94,98,160,191,246,347,414,501,431,454,1097,525,605,358,206,554,250,199,72,378,178,2374
Ultimo,10,151,29,50,82,80,111,122,123,213,222,182,163,383,192,197,95,75,173,67,81,12,124,45,777
Waterloo,34,271,70,234,381,554,201,311,286,310,374,368,371,1046,487,597,387,221,579,245,255,69,270,224,1970
Zetland,26,375,40,62,69,116,119,134,180,332,382,336,394,905,439,491,328,169,455,212,219,49,220,67,1341
Bondi - Tamarama - Bronte,13,110,44,70,112,219,152,193,233,307,340,309,336,789,435,547,341,234,890,491,663,391,395,127,1327
Bondi Beach - North Bondi,22,121,27,70,98,226,172,222,258,349,362,367,385,925,439,635,395,263,1035,555,799,373,404,134,1860
Bondi Junction - Waverly,12,131,35,74,103,229,217,229,256,342,346,290,333,754,373,481,300,208,718,458,574,321,290,139,1368
Centennial Park,0,0,0,0,0,0,0,0,0,0,0,0,0,0,0,0,0,0,0,0,0,0,0,0,0
Dover Heights,13,66,17,34,51,100,98,112,132,193,194,196,172,431,207,277,165,114,376,293,390,240,181,81,588
Paddington - Moore Park,19,104,26,42,92,181,176,208,238,319,293,288,323,668,230,386,225,150,785,372,664,445,286,68,1323
Rose Bay - Vaucluse - Watsons Bay,15,67,25,42,43,92,82,99,131,130,162,145,164,355,168,259,161,84,523,349,435,403,245,87,662
Woollahra,5,50,23,22,35,72,101,80,93,118,127,118,170,331,111,181,109,78,377,198,313,212,157,51,651
Bellevue Hill,21,107,26,40,43,94,92,108,161,210,233,204,265,555,256,365,237,151,675,396,568,457,332,86,995
Double Bay - Darling Point,22,93,32,29,61,119,108,124,141,203,207,197,193,526,189,311,168,91,628,266,446,243,222,117,1244
Kensington (NSW),15,119,25,47,78,121,110,155,181,293,296,218,264,556,279,288,192,93,258,174,241,98,197,50,1144
Kingsford,26,167,55,84,126,213,194,237,261,339,317,249,267,535,322,325,189,124,273,218,226,79,263,51,739
Maroubra - North,12,60,30,42,64,159,93,124,148,170,185,161,153,361,230,224,145,109,290,211,294,128,159,72,416
Maroubra - South,18,80,30,96,221,365,149,227,211,216,224,185,208,422,268,283,191,123,249,190,234,81,198,114,678
Maroubra - West,16,87,28,46,54,168,125,152,182,212,205,188,209,466,280,264,182,93,218,173,190,79,167,65,457
Randwick - North,11,81,35,60,78,175,177,216,234,338,376,330,381,897,424,514,313,205,578,360,444,199,284,86,1060
Randwick - South,11,84,38,44,83,125,132,165,187,253,251,246,244,583,333,399,247,137,452,278,342,134,225,82,908
Coogee - Clovelly,15,90,31,60,82,154,142,188,200,309,326,325,363,908,496,690,433,263,902,541,789,312,401,104,1377
Malabar - La Perouse,13,61,25,67,137,239,116,143,135,177,161,125,119,331,238,208,172,110,233,208,221,69,162,100,481
Matraville - Chifley,15,68,42,66,152,293,140,216,226,228,258,180,172,440,308,325,245,161,244,240,268,67,197,89,519
South Coogee,9,23,26,59,147,190,81,77,82,70,69,48,53,117,80,84,73,63,147,124,177,112,97,58,341
Bass Hill - Georges Hall,55,141,63,128,248,480,262,512,419,513,488,319,337,639,477,348,260,137,155,158,108,19,311,167,926
Chullora,0,9,0,3,3,19,5,29,9,26,29,36,22,49,29,37,24,17,32,24,16,4,19,3,50
Condell Park,22,73,20,49,70,186,106,248,204,252,269,215,214,378,237,198,133,77,93,82,66,22,163,71,421
Padstow,28,99,34,81,161,377,199,297,322,340,386,310,272,638,492,402,281,214,244,203,167,34,245,101,504
Revesby,30,99,38,81,157,342,203,289,294,328,338,298,274,648,491,417,276,174,228,194,138,40,259,125,520
Yagoona - Birrong,45,148,40,115,221,440,309,456,416,467,491,399,370,661,448,344,219,153,146,124,80,27,305,168,802
Bankstown - North,32,126,42,119,221,340,251,394,420,519,519,337,338,573,342,235,106,84,71,76,43,19,243,119,995
Bankstown - South,27,158,33,101,188,317,235,414,407,508,485,349,315,620,331,233,167,72,88,61,53,10,290,125,1003
Greenacre - North,26,101,26,85,194,256,168,254,272,304,281,216,215,423,255,196,132,87,107,100,72,19,209,107,595
Greenacre - South,19,95,18,49,110,229,128,253,224,261,274,181,191,364,212,201,110,69,86,89,57,27,189,75,466
Panania (North) - Milperra,17,72,25,34,97,193,104,204,185,212,246,168,170,412,316,319,194,135,158,155,114,21,163,59,275
Panania (South) - Picnic Point,28,89,34,67,120,310,189,244,226,292,329,216,247,520,456,405,328,211,298,251,220,44,196,82,407
Belmore - Belfield,49,183,47,117,226,438,288,443,423,489,533,417,393,757,448,404,233,165,179,158,135,35,286,128,1056
Punchbowl,40,167,51,118,222,363,264,473,450,451,500,384,348,613,418,296,153,117,116,104,59,27,309,169,922
Roselands,25,109,30,68,115,276,178,298,259,326,321,252,282,487,410,284,194,118,141,114,98,20,227,88,574
Lakemba,34,114,29,97,140,285,252,422,466,531,510,309,263,464,246,158,86,61,80,52,35,13,216,100,902
Wiley Park,28,89,19,35,95,184,173,283,253,309,314,201,175,295,165,98,53,44,29,43,19,11,135,63,564
Campsie - North,15,132,29,50,105,208,135,289,254,320,348,246,246,448,320,222,150,61,78,49,41,10,175,86,615
Campsie - South,11,93,21,42,109,193,153,206,201,271,296,192,177,353,220,132,82,39,52,32,24,4,139,78,582
Canterbury - South,14,108,37,54,99,200,157,239,232,315,325,298,310,591,335,296,197,102,158,100,70,18,172,70,693
Earlwood,29,138,32,70,109,321,140,338,256,301,356,298,307,578,428,444,327,203,345,303,343,87,260,108,574
Kingsgrove - North,8,56,21,25,55,114,65,123,110,135,143,88,97,194,192,132,113,67,69,69,64,13,81,33,191
Narwee - Beverly Hills,14,115,45,78,179,328,184,286,272,314,326,209,261,507,345,270,201,126,153,166,120,23,213,72,497
Oatley - Hurstville Grove,11,43,29,34,61,161,112,159,171,213,237,203,206,465,314,339,242,152,273,268,300,99,191,47,351
Peakhurst - Lugarno,24,94,51,73,157,387,227,351,342,388,406,296,337,670,534,527,323,248,380,305,293,71,255,136,581
Riverwood,34,133,36,135,262,422,194,307,253,322,268,222,211,420,241,210,132,77,90,71,37,8,171,131,626
South Hurstville - Blakehurst,21,186,78,99,148,335,226,376,376,467,536,403,460,962,606,562,424,251,389,367,332,180,414,134,863
Hurstville - Central,14,154,29,57,113,170,160,194,235,332,358,286,261,558,360,291,172,116,130,64,53,12,179,55,694
Hurstville - North,10,108,36,53,70,182,136,195,217,252,277,170,233,430,304,228,197,102,131,132,89,36,175,56,391
Mortdale - Oatley,19,56,30,47,91,211,167,235,215,331,344,304,285,596,368,380,273,188,290,254,262,89,184,62,467
Penshurst,17,66,20,43,61,166,148,203,192,274,300,263,227,463,275,218,126,73,97,71,60,17,141,63,427
Kingsgrove (South) - Bardwell Park,25,85,30,58,105,256,151,253,207,254,265,200,215,460,304,303,217,150,234,227,202,60,130,74,409
Kogarah,11,98,30,49,82,186,176,225,257,298,346,331,302,725,404,389,234,104,198,109,84,15,193,65,848
Kogarah Bay - Carlton - Allawah,20,118,36,69,103,278,183,276,311,397,381,319,309,721,446,409,249,182,262,196,148,62,214,95,681
Monterey - Brighton-le-Sands - Kyeemagh,37,137,32,69,134,347,224,354,341,369,421,361,304,610,346,349,191,122,236,172,145,65,181,119,840
Rockdale - Banksia,24,136,35,76,138,302,235,382,362,478,485,432,405,1022,565,492,307,173,272,185,160,32,296,112,1075
Sans Souci - Ramsgate,28,133,67,91,154,396,275,379,348,391,419,367,360,682,438,434,270,159,308,221,223,92,240,112,802
Arncliffe - Bardwell Valley,33,100,34,46,127,237,152,233,267,304,338,336,323,726,479,430,287,144,246,197,171,40,257,92,967
Bexley - North,13,64,27,35,55,169,95,171,168,206,205,169,155,374,252,228,138,98,122,116,98,31,129,57,299
Bexley - South,16,113,46,49,123,252,198,295,307,366,423,335,341,657,414,360,248,153,189,139,121,36,218,79,701
Wolli Creek,12,168,26,32,33,81,77,126,165,287,316,320,302,813,405,381,263,124,235,119,110,15,199,55,757
Concord - Mortlake - Cabarita,32,178,70,89,139,282,220,353,344,420,509,406,418,902,600,627,391,279,708,481,601,245,284,117,951
Drummoyne - Rodd Point,26,101,51,73,116,226,171,258,253,327,335,290,316,706,410,543,360,214,685,497,652,292,248,89,997
Five Dock - Abbotsford,31,124,55,91,170,424,243,364,357,415,401,365,385,891,521,633,414,249,681,456,523,221,279,139,958
Concord West - North Strathfield,18,68,32,40,80,177,101,144,164,231,249,215,193,507,333,346,259,169,303,235,242,83,215,42,489
Rhodes,15,179,31,44,66,98,110,163,223,299,344,283,266,786,391,423,244,129,359,155,161,35,191,71,806
Balmain,20,81,44,76,131,241,154,168,195,270,281,238,261,601,281,398,239,138,808,496,722,454,235,80,1100
Lilyfield - Rozelle,13,71,27,46,109,210,123,163,180,230,210,238,233,543,268,366,234,166,651,445,589,282,198,59,795
Annandale (NSW),7,43,24,22,56,133,114,124,129,179,184,172,165,415,190,252,164,106,370,269,354,180,147,34,631
Leichhardt,14,73,34,72,106,240,168,236,263,308,322,299,305,679,392,500,371,207,689,485,626,187,247,68,962
Canterbury (North) - Ashbury,15,88,24,45,88,191,119,193,189,299,299,246,276,538,366,312,239,139,252,173,193,65,189,63,580
Croydon Park - Enfield,17,147,42,92,170,373,234,311,339,401,380,353,298,691,370,394,295,191,268,259,242,67,245,90,635
Dulwich Hill - Lewisham,16,108,42,70,146,275,213,304,326,460,523,435,438,1016,480,601,344,213,540,338,361,115,250,91,1147
Haberfield - Summer Hill,8,71,34,52,97,184,134,178,209,270,312,267,240,591,314,339,256,147,394,325,411,171,186,71,611
Homebush,23,137,34,62,100,201,216,294,364,517,604,494,497,1175,679,604,379,215,284,185,138,47,328,102,1439
Strathfield South,0,30,3,15,27,43,49,52,79,82,76,80,62,158,96,89,67,40,53,60,43,12,54,24,128
Ashfield - North,23,70,26,52,95,177,179,232,246,315,367,295,321,671,335,312,234,131,189,102,106,22,171,55,695
Ashfield - South,17,106,37,63,103,211,180,230,251,287,347,267,271,606,302,322,230,149,193,156,169,52,197,65,753
Burwood (NSW),20,352,64,86,180,246,230,278,306,407,472,336,319,731,423,374,215,121,218,148,116,52,267,86,1014
Croydon,7,83,19,37,71,162,104,186,159,215,234,198,173,386,254,264,157,109,218,173,194,91,192,40,358
Strathfield - East,17,124,45,51,105,177,201,229,250,311,379,291,327,672,453,408,290,161,278,205,226,148,296,81,963
Strathfield - West,7,44,16,30,58,92,57,120,107,132,139,132,103,213,191,185,153,98,193,184,243,167,165,47,327
Chatswood (West) - Lane Cove North,17,123,45,72,124,237,195,259,303,421,447,457,428,1028,510,632,410,275,671,477,595,233,292,70,1008
St Leonards - Naremburn,16,94,16,41,74,129,99,130,157,226,253,262,251,745,256,437,282,153,658,348,416,176,157,45,728
Artarmon,9,54,28,40,78,129,96,102,124,165,190,175,185,429,229,269,191,101,359,169,240,95,144,38,443
Castle Cove - Northbridge,10,68,34,27,35,91,81,92,95,141,173,147,167,330,179,230,185,119,479,402,564,511,236,49,390
Chatswood - East,17,306,90,113,127,236,228,269,295,410,426,381,391,875,428,498,281,152,593,346,357,159,304,103,1227
Greenwich - Riverview,8,44,29,21,42,66,69,92,117,149,182,186,196,400,268,267,184,101,499,408,630,405,225,44,511
Lane Cove,17,81,29,56,80,200,162,185,197,258,308,279,298,745,377,453,294,189,648,384,520,233,194,64,639
Willoughby,12,59,32,54,54,148,104,139,165,219,213,179,193,382,265,256,169,125,434,350,464,289,178,47,419
Asquith - Mount Colah,16,74,36,54,83,210,181,233,296,390,465,388,396,879,628,704,496,311,523,405,368,73,294,83,465
Berowra - Brooklyn - Cowan,8,25,19,30,33,141,117,170,151,228,222,172,198,403,310,370,252,164,298,254,215,51,154,29,299
Normanhurst - Thornleigh - Westleigh,10,66,26,65,98,193,173,238,247,265,319,240,242,605,419,477,410,252,544,546,478,121,249,55,332
Hornsby - East,17,112,37,61,107,230,177,233,275,338,362,350,310,726,366,377,199,97,195,91,76,20,162,53,592
Hornsby - West,6,53,30,48,79,140,120,162,174,205,220,203,191,403,261,279,188,139,236,193,173,44,149,41,308
Wahroonga (West) - Waitara,6,86,30,65,71,175,159,168,174,264,274,245,222,607,320,360,192,130,307,188,167,34,143,50,499
Gordon - Killara,18,193,55,68,81,171,174,266,260,370,373,369,360,810,472,544,311,186,704,524,706,373,395,109,928
Lindfield - Roseville,16,151,54,66,78,167,174,220,257,328,379,323,341,782,471,533,385,229,848,663,890,534,402,94,871
Pymble,18,94,34,45,47,93,91,123,175,217,230,181,226,458,302,384,251,177,576,571,661,341,284,56,452
St Ives,20,109,53,61,80,172,169,260,253,315,364,271,274,666,409,502,318,220,737,611,721,319,328,83,506
Turramurra,19,98,50,69,63,197,196,245,259,348,328,278,288,594,355,439,313,216,634,602,744,321,262,90,611
Wahroonga (East) - Warrawee,13,79,47,37,62,137,105,175,153,265,271,225,243,490,332,388,255,179,595,536,668,352,291,71,467
Cremorne - Cammeray,20,107,42,66,96,223,225,254,284,404,446,389,400,948,382,582,357,196,1052,489,719,402,261,108,1283
Crows Nest - Waverton,14,93,50,60,112,197,195,215,282,363,423,437,395,1116,444,700,375,250,992,492,665,227,261,95,1247
Neutral Bay - Kirribilli,29,149,55,84,136,250,262,257,305,400,433,437,466,1061,415,586,322,201,1001,376,568,263,246,129,1911
North Sydney - Lavender Bay,15,130,29,38,73,93,121,139,164,270,299,294,329,836,280,472,253,137,905,317,466,212,177,82,1625
Mosman - North,18,91,36,51,68,156,131,163,197,262,271,268,258,599,260,327,232,100,678,358,522,420,231,78,925
Mosman - South,25,91,25,54,57,137,151,166,189,273,262,280,246,618,249,324,183,118,691,397,567,480,234,77,832
Balgowlah - Clontarf - Seaforth,12,76,46,50,59,163,154,190,224,266,278,228,259,559,386,435,277,166,768,639,872,500,390,91,550
Manly - Fairlight,28,113,55,77,116,211,204,249,281,351,371,336,426,949,434,682,385,272,1218,694,989,464,434,132,1887
Avalon - Palm Beach,17,81,40,39,44,128,115,184,166,241,243,197,214,451,306,324,208,124,451,329,333,202,249,70,974
Bayview - Elanora Heights,25,55,28,39,48,176,121,136,156,167,189,171,169,320,214,271,187,144,323,270,296,162,194,83,601
Newport - Bilgola,22,39,27,26,68,129,111,188,176,273,277,224,222,483,340,333,230,163,436,371,391,150,243,63,465
Mona Vale - Warriewood (North),8,56,29,54,62,239,171,254,210,312,288,251,241,530,334,372,270,163,384,331,256,106,237,81,533
North Narrabeen - Warriewood (South),14,38,17,29,37,105,76,123,127,178,182,131,151,327,288,303,228,130,300,266,238,72,176,48,247
Beacon Hill - Narraweena,12,60,42,52,129,199,164,203,193,230,213,194,169,405,339,303,248,202,344,335,313,99,206,85,337
Cromer,7,42,22,27,35,129,77,132,110,139,130,116,128,218,180,174,156,108,177,203,163,52,119,59,197
Forestville - Killarney Heights,10,54,26,41,69,184,141,181,154,194,185,148,161,345,247,264,197,122,343,407,436,166,181,57,273
Freshwater - Brookvale,20,73,39,46,118,206,178,204,264,354,424,392,419,971,566,653,453,252,767,538,670,311,361,90,855
Manly Vale - Allambie Heights,13,64,28,54,72,245,184,179,211,276,294,229,228,556,423,396,290,182,531,463,556,204,214,90,452
Terrey Hills - Duffys Forest,5,14,12,12,9,40,33,45,50,51,65,46,45,86,75,89,60,43,110,93,99,52,61,10,95
Belrose,6,21,24,22,40,129,100,120,121,173,132,133,105,203,175,203,141,108,223,233,233,67,130,52,191
Collaroy - Collaroy Plateau,10,46,21,29,48,142,115,164,193,248,274,214,225,497,363,352,263,165,377,347,371,137,221,64,447
Dee Why (South) - North Curl Curl,0,35,17,22,30,74,87,109,146,141,170,161,144,372,218,233,141,97,250,211,263,146,146,40,311
Dee Why - North,21,108,33,70,129,289,254,303,343,432,522,515,510,1174,628,608,347,185,394,236,207,57,272,98,849
Frenchs Forest - Oxford Falls,9,49,28,39,34,117,106,178,151,241,249,214,194,449,355,392,313,223,488,534,513,181,224,46,220
Narrabeen - Wheeler Heights,18,66,49,52,57,233,208,216,244,298,293,203,233,476,307,331,191,121,271,204,193,69,164,94,534
Camden - Ellis Lane,18,49,40,50,80,268,161,221,220,266,250,247,221,469,369,349,233,128,220,198,160,48,195,66,369
Currans Hill,8,18,7,8,22,41,51,81,86,135,147,138,138,312,232,202,119,71,66,52,28,5,92,26,100
Elderslie - Narellan,10,56,22,46,85,172,158,218,230,256,283,250,226,558,450,359,288,138,226,186,145,62,174,77,260
Harrington Park,8,22,7,13,22,69,45,103,105,123,159,112,136,342,296,339,229,180,258,245,176,48,134,38,104
Mount Annan,14,55,20,33,57,154,111,211,253,323,304,315,314,795,708,589,393,238,295,251,133,21,270,59,261
Spring Farm,3,18,5,15,15,39,50,86,108,161,174,172,209,548,451,368,206,107,126,67,51,5,90,35,133
Bradbury - Wedderburn,25,116,29,77,156,373,264,424,473,481,554,445,408,773,520,370,237,129,125,88,48,16,301,122,646
Campbelltown - Woodbine,43,124,42,102,234,488,379,496,505,627,630,528,480,945,576,462,292,160,179,128,82,30,306,171,1111
Claymore - Eagle Vale - Raby,25,87,26,71,111,290,217,323,368,477,520,396,406,834,564,413,298,158,142,124,80,29,316,92,548
Holsworthy Military Area,0,0,0,0,0,0,0,0,0,0,0,0,0,0,0,0,0,0,0,0,0,0,0,0,0
Leumeah - Minto Heights,29,85,41,72,134,324,250,363,370,464,442,355,358,734,456,344,205,128,92,86,53,26,246,121,546
Minto - St Andrews,28,80,30,69,146,313,232,393,414,465,494,465,369,891,588,446,238,153,145,113,86,13,279,118,539
Rosemeadow - Glen Alpine,26,92,42,85,172,345,282,438,459,490,517,398,424,805,534,394,264,167,180,134,117,36,347,120,557
Denham Court - Bardia,6,40,12,26,45,87,79,137,164,200,238,243,250,590,518,426,271,179,231,165,131,43,160,46,311
Glenfield,10,23,10,40,56,134,91,128,162,170,237,201,192,456,311,256,170,101,124,86,61,10,153,40,258
Ingleburn,23,88,30,63,133,307,204,301,324,411,473,387,332,659,441,323,228,137,142,117,80,25,249,91,524
Macquarie Fields,22,65,18,100,153,336,211,304,360,373,406,300,286,563,293,193,113,59,79,41,29,12,198,123,514
Bargo,7,23,10,14,44,104,69,123,106,136,143,110,98,221,162,164,82,57,60,68,41,6,102,49,167
Douglas Park - Appin,21,37,14,17,37,97,76,115,133,190,182,145,144,378,317,334,203,152,184,164,127,51,173,63,278
Picton - Tahmoor - Buxton,24,80,34,56,116,357,232,377,382,413,449,341,411,794,565,497,288,153,247,180,122,38,303,119,622
The Oaks - Oakdale,14,31,20,15,27,104,65,133,118,163,193,149,136,352,261,253,186,92,147,136,100,39,201,60,264
Blackheath - Megalong Valley,10,46,27,50,58,224,157,189,207,225,222,153,145,290,140,118,70,34,71,40,46,11,103,37,905
Blaxland - Warrimoo - Lapstone,8,47,30,61,91,245,203,280,302,418,434,333,322,760,550,551,413,250,449,339,273,74,266,92,396
Blue Mountains - North,0,0,0,0,0,0,0,0,0,0,0,0,0,0,0,0,0,0,0,0,0,0,0,0,0
Katoomba - Leura,43,102,64,135,190,536,432,431,480,516,504,302,312,587,310,285,125,84,184,109,82,37,210,105,1543
Lawson - Hazelbrook - Linden,12,48,31,50,95,283,185,248,264,307,330,274,276,561,335,331,190,97,181,78,55,8,182,49,436
Springwood - Winmalee,21,73,32,54,114,388,296,415,405,559,547,426,437,947,732,623,426,283,409,266,202,33,302,100,502
Wentworth Falls,9,37,22,30,55,191,132,169,168,205,211,141,149,260,174,167,86,43,118,70,42,16,87,33,480
Blue Mountains - South,0,0,0,0,0,0,0,0,0,0,0,0,0,0,0,0,0,0,0,0,0,0,0,0,4
Cambridge Park,17,83,19,55,95,218,203,307,333,421,432,347,341,765,526,380,244,125,127,112,45,11,244,97,419
Emu Plains - Leonay,12,46,26,30,87,268,184,232,245,271,301,232,261,544,429,422,297,162,255,190,132,45,218,75,256
Glenmore Park - Regentville,24,71,16,26,49,147,135,232,275,307,382,384,341,922,710,639,473,277,365,300,225,44,289,64,295
Jamisontown - South Penrith,27,88,42,50,115,318,262,340,398,484,521,392,398,851,547,471,276,119,153,128,73,15,269,104,584
Kingswood - Werrington,21,107,41,100,225,408,333,479,542,620,657,602,542,1077,699,567,344,208,209,171,76,22,321,159,1221
Mulgoa - Luddenham - Orchard Hills,14,46,15,19,19,76,85,131,125,137,188,161,171,359,335,337,251,169,248,198,178,80,178,50,267
Penrith,38,106,48,126,288,580,428,505,540,672,710,572,516,936,463,355,199,98,163,69,71,13,228,171,1512
Warragamba - Silverdale,3,18,7,16,15,60,41,70,78,102,113,103,109,222,203,187,115,65,92,66,61,18,96,26,138
Cranebrook - Castlereagh,18,48,23,53,80,218,128,259,263,301,351,332,346,736,559,439,297,182,193,187,128,43,242,64,436
Jordan Springs - Llandilo,14,35,9,23,27,64,65,107,143,162,236,185,249,652,513,454,279,159,192,134,96,15,177,54,262
Richmond - Clarendon,34,77,48,80,116,410,282,389,363,391,419,351,356,625,461,346,240,107,167,109,63,25,234,116,602
Windsor - Bligh Park,29,59,25,66,128,320,229,289,296,353,423,306,352,741,503,378,248,101,143,103,75,27,240,92,529
Yarramundi - Londonderry,11,24,12,14,13,55,46,82,90,102,112,78,102,186,189,148,102,61,77,85,68,26,110,44,177
Erskine Park,11,24,5,6,22,54,27,67,77,118,111,114,106,277,219,183,140,84,83,86,48,6,100,20,108
St Clair,23,86,33,51,75,217,157,283,323,430,441,364,384,885,668,543,347,187,184,160,95,18,298,89,405
Colyton - Oxley Park,24,69,22,37,90,179,185,296,263,370,391,299,280,578,323,217,132,78,74,55,32,11,176,101,500
St Marys - North St Marys,38,88,34,112,197,408,272,386,467,531,548,467,383,689,393,285,156,85,75,48,18,10,279,149,1068
Rookwood Cemetery,0,0,0,0,0,0,0,0,0,0,0,0,0,0,0,0,0,0,0,0,0,0,0,0,0
Auburn - Central,31,164,31,80,135,287,190,329,320,389,380,312,274,604,369,291,188,123,135,94,69,22,350,122,871
Auburn - North,16,97,24,44,110,169,124,203,235,242,278,242,202,388,234,169,113,66,53,36,30,4,208,75,688
Auburn - South,19,44,15,51,71,120,86,151,126,184,174,121,125,228,158,114,80,66,56,61,37,14,133,58,311
Berala,10,63,24,45,69,148,106,181,173,199,213,158,181,286,187,140,83,73,69,63,40,6,135,47,334
Lidcombe,26,158,37,67,131,234,172,358,358,471,504,406,379,785,527,459,324,202,243,195,142,54,387,107,811
Regents Park,8,36,12,33,56,107,73,106,128,124,134,87,81,181,98,73,62,44,32,34,23,3,61,28,221
Silverwater - Newington,10,42,7,21,42,72,54,95,111,161,177,159,164,343,221,225,133,107,180,137,102,46,105,16,273
Wentworth Point - Sydney Olympic Park,33,287,38,60,136,164,203,275,393,725,788,740,695,1637,772,670,397,216,460,208,143,29,275,92,2248
Ermington - Rydalmere,34,156,39,113,257,441,233,375,390,503,579,477,418,1006,638,602,426,237,362,295,254,51,373,132,962
Oatlands - Dundas Valley,24,139,51,127,212,399,201,316,314,373,404,323,343,676,475,412,305,179,252,213,207,75,267,103,900
Carlingford - East,8,71,44,44,42,130,118,184,194,244,244,179,183,428,262,283,175,125,230,191,170,53,179,58,329
Carlingford - West,14,115,45,53,102,178,159,267,271,410,467,375,353,808,527,445,331,186,347,198,225,57,269,61,720
Chester Hill - Sefton,35,142,41,118,209,405,251,414,372,416,448,377,326,553,378,273,191,130,122,108,61,28,267,144,849
Fairfield - East,46,131,28,106,227,361,216,381,354,354,331,262,241,400,263,150,95,90,83,56,45,15,234,121,756
Granville - Clyde,51,145,45,113,214,359,249,430,418,520,568,405,394,837,540,401,271,161,151,106,87,26,404,168,1430
Guildford - South Granville,52,186,52,166,303,431,284,457,436,524,450,392,289,528,339,240,164,92,106,91,61,17,304,197,1293
Guildford West - Merrylands West,67,163,46,131,180,457,319,453,449,530,554,438,370,767,474,359,230,138,156,132,76,24,299,162,1116
Smithfield Industrial,0,0,0,0,0,0,0,0,0,0,0,0,0,3,0,0,0,0,0,0,0,0,0,0,0
Yennora Industrial,0,0,0,0,0,0,0,0,0,0,0,0,0,0,0,0,0,0,0,0,0,0,0,0,0
Greystanes - South,36,102,32,46,76,240,171,348,282,353,345,281,237,587,432,434,287,162,206,187,97,30,216,110,415
Merrylands - Holroyd,51,198,47,131,251,450,308,490,494,579,605,453,430,827,489,374,212,131,189,151,125,34,351,203,1446
Pemulwuy - Greystanes (North),12,63,26,23,42,138,81,158,136,179,193,141,172,353,296,309,232,140,207,133,120,39,143,51,259
South Wentworthville,12,35,18,31,41,121,77,129,133,173,174,141,126,292,160,148,80,55,70,58,47,9,110,45,314
North Parramatta,41,152,57,122,257,397,289,380,492,619,669,595,536,1271,687,670,394,217,348,224,150,44,285,126,1557
North Rocks,11,35,25,20,26,68,70,98,137,151,151,132,153,293,216,237,163,112,193,152,146,39,99,26,162
Northmead,28,90,38,66,140,275,268,308,346,457,540,532,438,1079,686,649,370,203,394,230,189,39,284,108,1438
Toongabbie - Constitution Hill,48,126,56,92,166,409,261,394,364,454,485,382,398,851,615,611,465,242,332,275,213,57,281,119,848
Winston Hills,13,51,17,32,45,140,71,160,177,172,195,157,159,409,275,342,242,157,266,203,157,34,157,56,169
Pendle Hill - Girraween,16,58,20,63,88,228,168,230,196,251,278,217,222,556,377,335,241,148,225,156,92,22,158,79,626
Wentworthville - Westmead,20,104,32,84,154,311,169,255,276,382,412,366,438,1076,653,621,368,219,393,229,168,40,287,117,1343
Parramatta - North,9,103,28,32,79,94,123,147,209,258,351,335,361,841,369,411,240,145,318,139,121,17,180,71,1214
Parramatta - South,14,68,16,55,86,141,107,130,185,251,234,229,215,508,291,253,154,102,137,97,71,25,145,46,710
Rosehill - Harris Park,19,60,19,43,97,130,100,128,198,295,288,254,239,510,276,223,132,62,91,51,29,15,135,59,756
Pennant Hills - Cheltenham,11,86,40,65,101,210,190,229,259,332,367,282,302,691,477,518,410,240,600,549,679,229,341,80,571
Epping (East) - North Epping,15,95,37,39,61,134,134,172,215,267,286,262,247,607,351,409,280,164,365,297,323,81,183,57,500
Epping (NSW) - West,15,138,59,53,85,192,175,228,276,366,386,379,348,764,503,475,348,182,422,311,314,109,255,78,665
Gladesville - Huntleys Point,26,87,28,65,128,233,188,239,240,323,353,293,320,679,363,413,286,175,438,346,446,218,244,74,695
Hunters Hill - Woolwich,16,48,22,45,46,113,70,88,95,130,140,111,99,254,140,143,123,82,346,268,350,299,144,51,437
Macquarie Park - Marsfield,31,319,101,144,190,379,328,386,464,617,722,574,581,1374,694,701,427,245,491,249,197,63,300,139,1823
North Ryde - East Ryde,14,95,28,70,120,216,134,193,196,255,293,257,240,611,379,410,309,196,411,325,407,116,209,66,514
West Ryde - Meadowbank,23,185,57,95,153,288,253,343,403,551,568,445,463,1091,613,560,410,206,427,293,256,52,244,97,1028
Putney,3,18,5,17,12,38,33,52,50,53,54,56,43,125,67,103,58,57,94,122,135,77,64,20,116
Denistone,9,30,16,20,33,56,62,86,82,116,105,112,82,262,156,196,125,75,177,150,172,53,83,22,150
Eastwood,31,187,61,91,142,306,190,299,338,417,442,354,340,742,478,426,330,170,317,268,248,90,290,91,740
Ryde - North,34,160,58,88,200,345,279,406,415,504,527,412,370,823,527,498,347,196,388,310,285,90,314,120,977
Ryde - South,12,134,29,41,50,99,122,159,213,293,348,310,296,752,375,381,238,135,314,164,166,53,144,61,652
Ashcroft - Busby - Miller,45,119,48,151,313,552,299,435,446,452,423,282,257,430,247,128,99,57,43,52,23,11,271,184,981
Austral - Greendale,12,81,28,42,30,120,88,164,163,228,240,196,233,479,346,240,209,96,141,92,80,30,173,87,477
Badgerys Creek,0,0,0,0,0,0,0,0,0,0,0,0,0,0,0,0,0,0,0,0,0,0,0,0,0
Cecil Hills,5,22,11,12,28,66,33,88,76,90,102,88,93,192,188,148,98,90,98,106,79,29,99,23,93
Green Valley,23,75,15,39,66,141,102,219,213,265,259,213,208,414,303,233,143,92,92,102,60,14,202,59,228
Hinchinbrook,17,56,13,11,48,94,70,173,193,225,270,223,214,447,318,281,188,130,107,105,87,21,158,37,194
Hoxton Park - Carnes Hill - Horningsea Park,10,45,13,20,49,90,63,160,160,208,210,196,205,482,377,309,222,172,125,119,74,20,180,55,199
West Hoxton - Middleton Grange,11,57,17,24,32,96,67,181,161,229,278,230,270,594,480,462,325,171,221,192,145,31,205,54,245
Cobbitty - Bringelly,6,21,8,7,19,52,46,69,69,71,95,82,82,201,151,128,100,53,76,55,44,26,69,31,116
Gledswood Hills - Gregory Hills,9,37,9,3,21,62,61,108,132,204,220,229,260,682,565,513,360,179,214,170,117,17,146,43,239
Leppington - Catherine Field,20,55,16,21,34,104,111,171,142,216,224,204,214,478,416,337,247,143,172,127,99,31,149,63,341
Oran Park,16,71,6,18,36,96,86,162,160,280,312,315,338,812,627,525,334,211,237,174,87,19,215,39,439
Bonnyrigg Heights - Bonnyrigg,24,101,32,77,125,251,189,335,308,380,379,273,264,528,376,310,164,134,100,116,81,15,236,89,404
Bossley Park - Abbotsbury,33,132,36,60,93,297,169,389,341,395,425,318,294,595,434,356,254,162,195,193,141,42,243,99,393
Cabramatta - Lansvale,67,237,62,139,275,529,351,621,622,671,622,465,381,648,386,303,175,102,103,114,53,25,345,144,1003
Cabramatta West - Mount Pritchard,26,139,36,91,179,329,196,373,382,381,358,305,302,486,369,250,181,112,110,110,59,23,272,116,524
Canley Vale - Canley Heights,47,169,44,113,253,400,260,435,450,475,491,385,373,619,421,322,241,124,112,95,59,27,301,127,681
Edensor Park,13,70,15,32,46,136,82,225,154,187,186,167,170,311,261,204,124,76,95,93,57,20,122,49,166
Fairfield,60,180,37,108,242,438,354,584,567,567,507,320,274,458,279,188,123,77,70,51,40,7,208,151,893
Fairfield - West,47,152,33,78,175,323,224,477,465,512,534,334,350,571,414,264,172,110,105,92,53,13,250,135,585
Greenfield Park - Prairiewood,21,71,17,35,64,142,87,218,196,199,186,147,131,262,195,137,98,60,51,67,43,17,78,40,184
Horsley Park - Kemps Creek,9,34,11,15,20,42,27,62,48,64,54,43,45,95,98,75,63,42,56,70,75,44,70,38,144
Smithfield - Wetherill Park,44,179,48,82,208,429,256,483,408,457,476,304,330,569,421,314,183,108,139,112,81,11,242,116,570
St Johns Park - Wakeley,13,86,23,38,74,161,94,291,221,248,236,214,181,324,211,226,140,72,88,70,47,15,139,48,188
Wetherill Park Industrial,0,0,0,6,0,0,0,0,0,6,0,0,3,0,0,0,0,0,0,0,0,0,0,5,3
Casula,31,92,33,60,127,242,147,325,294,339,366,307,288,534,398,323,219,148,162,108,98,21,244,99,470
Chipping Norton - Moorebank,34,87,24,50,96,261,170,294,342,402,430,331,362,785,628,521,358,214,276,237,172,45,266,103,504
Holsworthy - Wattle Grove,5,57,19,39,63,175,152,224,232,275,319,351,332,815,672,643,422,261,350,288,227,64,321,77,354
Lurnea - Cartwright,30,86,40,104,186,344,168,324,327,317,303,237,207,315,202,142,82,48,26,41,23,15,150,132,583
Warwick Farm,15,57,18,64,146,190,134,138,227,238,202,142,129,242,106,66,34,22,18,9,3,0,88,96,557
Edmondson Park,7,44,7,14,25,36,50,68,109,126,177,192,214,493,407,357,246,163,177,174,105,22,141,31,433
Liverpool - East,38,141,42,106,217,341,329,509,557,646,670,512,434,841,379,244,135,57,88,28,23,7,229,167,1903
Liverpool - West,42,104,28,76,179,342,213,347,342,394,381,270,218,442,237,164,102,66,44,47,35,4,167,119,711
Prestons,7,54,17,31,38,104,89,170,161,225,258,215,251,526,463,376,230,170,192,188,118,18,204,53,217
Gymea - Grays Point,17,71,52,46,69,245,185,278,276,316,350,301,276,659,461,509,355,252,458,415,389,108,283,56,419
Miranda - Yowie Bay,19,122,56,93,166,421,297,373,367,479,489,408,452,917,584,582,361,208,426,317,284,74,323,126,834
Sylvania - Taren Point,39,105,48,89,104,297,229,294,278,365,329,277,277,604,370,379,271,188,314,244,278,124,240,129,655
Caringbah,15,60,38,49,128,313,217,238,301,363,355,291,281,623,382,437,282,117,227,179,135,28,180,81,703
Caringbah South,22,62,35,40,51,175,103,191,174,207,218,147,160,359,281,291,251,162,329,380,372,122,219,40,250
Cronulla - Kurnell - Bundeena,33,140,75,90,159,375,321,383,505,652,681,617,565,1251,743,745,491,262,580,393,432,216,409,124,1616
Lilli Pilli - Port Hacking - Dolans Bay,0,5,8,6,11,19,23,24,21,41,36,32,28,74,73,83,52,28,81,103,132,71,54,14,46
Woolooware - Burraneer,0,46,17,20,29,95,80,120,135,170,183,143,173,329,208,242,175,120,243,231,248,117,134,40,300
Heathcote - Waterfall,10,30,17,21,43,130,77,110,105,119,131,91,107,249,212,202,166,85,118,104,67,13,99,43,119
Illawong - Alfords Point,8,41,18,18,23,96,64,121,107,131,166,116,138,326,271,284,246,148,239,254,210,81,152,30,140
Menai - Lucas Heights - Woronora,23,69,39,48,70,216,139,235,220,306,360,280,282,705,582,664,464,291,476,461,381,113,281,79,264
Oyster Bay - Como - Jannali,16,73,47,70,103,269,165,270,292,332,368,270,302,682,540,631,488,307,578,574,535,129,277,85,469
Royal National Park,0,0,0,0,0,0,0,0,0,0,0,0,0,0,0,0,0,0,0,0,0,0,0,0,4
Sutherland - Kirrawee,24,100,66,117,211,528,315,395,463,620,654,541,536,1298,763,735,494,286,442,291,224,60,342,116,1061
Engadine,19,50,28,40,74,234,165,248,272,334,379,291,277,669,562,528,401,264,321,247,170,40,239,62,302
Loftus - Yarrawarrah,11,34,14,18,23,102,68,101,89,124,136,86,111,240,201,217,173,130,166,159,114,23,103,21,99
Woronora Heights,0,12,10,6,6,18,19,33,26,46,51,31,47,93,88,100,95,58,99,100,80,13,64,14,35
Migratory - Offshore - Shipping (NSW),0,0,0,0,0,0,0,0,0,0,0,0,0,0,0,0,0,0,0,0,0,0,0,0,31
